id1,id2,name1,name2,match_type,match,predicted_match1,predicted_match2,predicted_match3,predicted_match_merged
https://www.alza.cz/hobbykrt501005-oboustranny-klic-otevreny-14x15-175mm-d6775050.htm,https://www.mall.cz/ostatni-rucni-naradi/kreator-krt501006-oboustranny-klic-otevreny-16x17-190mm-100019870934,KRT501005 - Oboustranný klíč otevřený 14x15 -175mm,Kreator KRT501006 - Oboustranný klíč otevřený 16x17 -190mm,close_nonmatch,0,0,0,0,0
https://www.alza.cz/orion-brcko-napojove-nerez-18cm-4ks-vcetne-kartacku-d5628856.htm,https://www.mall.cz/napojova-brcka/orion-brcko-nerez-napojove-4-ks-215-cm-kartacek,ORION Brčko nápojové nerez 18cm 4ks včetně kartáčku,"Orion Brčko nerez nápojové 4 ks 21,5 cm + kartáček",close_nonmatch,0,0,0,1,0
https://www.alza.cz/whirlpool-art-9811-sf2-d6223487.htm,https://www.mall.cz/vestavne-lednicky/whirlpool-art-66112,"WHIRLPOOL ART 9811 SF2
+ 5 let záruka na kompresor po registraci",Whirlpool vestavná lednička ART 66112,medium_nonmatch,0,0,0,0,0
https://www.alza.cz/hobbyulozna-lavice-s-poduskou-148-cm-masivni-akaciove-drevo-d6433285.htm,https://www.mall.cz/zahradni-lavice-pohovky/shumee-ulozna-lavice-s-poduskou-170-cm-masivni-akaciove-drevo-100019161777,Úložná lavice s poduškou 148 cm masivní akáciové dřevo,shumee Úložná lavice s poduškou 170 cm masivní akáciové dřevo,close_nonmatch,0,0,0,0,0
https://www.alza.cz/dell-vostro-5581?dq=6911955,https://www.mall.cz/notebooky/dell-vostro-15-5510-seda-jmtc6-100069293479?tab=parameters,Dell Vostro 5510,"DELL Vostro 15 (5510), šedá (JMTC6)",close_nonmatch,0,1,1,1,1
https://www.alza.cz/hobbyfiskars-vidle-solid-kompostove-133433-d2920786.htm,https://www.mall.cz/ryce-vidle/fiskars-vidle-solid-kompostove-133433,Fiskars Vidle Solid kompostové,"Fiskars Vidle SOLID kompostové (133433), záruka 5 let",close_nonmatch,0,1,1,1,1
https://www.alza.cz/hobbykrt619005-ocelova-hmozdinka-5ks-4x46mm-d6775291.htm,https://www.mall.cz/ostatni-rucni-naradi/kreator-krt619004-ocelova-hmozdinka-5ks-4x38mm-100019870988,KRT619005 - Ocelová hmoždinka 5ks - 4x46mm,Kreator KRT619004 - Ocelová hmoždinka 5ks - 4x38mm,close_nonmatch,0,0,0,0,0
https://www.alza.cz/hobby6dilna-zahradni-sedaci-souprava-z-palet-podusky-borove-drevo-3066359-d6759051.htm,https://www.mall.cz/sety-nabytek/shumee-6dilna-zahradni-sedaci-souprava-z-palet-podusky-borove-drevo-100059456662,6dílná zahradní sedací souprava z palet + podušky borové dřevo 3066359,shumee 6dílná zahradní sedací souprava z palet + podušky borové dřevo,match,1,1,1,1,1
https://www.alza.cz/denver-bte-110b-d5593511.htm,https://www.mall.cz/sluchatka-usi/denver-bte-110-seda,Denver BTE-110 šedá,"Denver BTE-110 bezdrátová sluchátka, šedá",match,1,0,0,1,0
https://www.alza.cz/48-philips-48oled936-d6469253.htm,https://www.mall.cz/televizory/philips-48oled93512,"48"" Philips 48OLED936",Philips 48OLED935/12,close_nonmatch,0,0,0,0,0
https://www.alza.cz/hobbyvavex-tapeta-jf2401-d6634170.htm,https://www.mall.cz/dekorace-tapety-zed/vavex-vliesova-tapeta-imitace-stipaneho-bambusu-jf2402-botanica-geometry-vavex-100036179280,VAVEX tapeta JF2401,"Vavex Vliesová tapeta, Imitace štípaného bambusu JF2402, Botanica, Geometry, Vavex",close_nonmatch,0,0,0,0,0
https://www.alza.cz/tefal-doza-0-8-l-master-seal-color-n1012610-ruzova-d6779501.htm,https://www.mall.cz/potraviny-dozy/tefal-master-seal-color-doza-na-potraviny-ruzova-08-l-n1012610?src=sug&s=Tefal%20Dóza%200.8%20l%20Master%20Seal%20Color%20N1012610,Tefal Dóza 0.8 l Master Seal Color N1012610 růžová,"Tefal Master Seal Color dóza na potraviny růžová 0,8 l N1012610",match,1,1,1,1,1
https://www.alza.cz/petshumee-psi-matrace-cerna-xl-d6747798.htm,https://www.mall.cz/psi-pelisky/shumee-psi-matrace-velikost-xl-cerna-100017945647,Shumee Psí matrace černá XL,shumee Psí matrace velikost XL černá,close_nonmatch,0,1,1,1,1
https://www.alza.cz/honor-magic-earbuds-bila-d5813421.htm,https://www.mall.cz/true-wireless-sluchatka/honor-magic-earbuds-55032516-bile,Honor Magic Earbuds bílá,"Honor Magic Earbuds 55032516, bílé",match,1,0,0,1,0
https://www.alza.cz/evolveo-strongphone-g5-cerna-d5852688.htm,https://www.mall.cz/mobilni-telefony/evolveo-strongphone-g7-3g32gb-cerny,EVOLVEO StrongPhone G5 černá,"Evolveo StrongPhone G7, 3G/32GB, černý",close_nonmatch,0,0,0,0,0
https://www.alza.cz/amica-vd-1441-aww-d4590264.htm,https://www.mall.cz/volne-stojici-lednicky/amica-vd-1442-ay,AMICA VD 1441 AWW,Amica retro lednice VD 1442 AY,medium_nonmatch,0,0,0,0,0
https://www.alza.cz/candy-cfo-050-e-d2892134.htm,https://www.mall.cz/volne-stojici-lednicky/candy-cfo-050-e,CANDY CFO 050 E,Candy lednice CFO 050 E,match,1,1,1,1,1
https://www.alza.cz/hobbyg21-popelnice-ga-240-cervena-d4980655.htm,https://www.mall.cz/hasici-pristroje/g21-popelnice-ga-240-l-cervena-ga-240-r-100017923620,G21 Popelnice GA-240 červená,G21 Popelnice GA-240 L Červená GA-240-R,match,1,0,0,0,0
https://www.alza.cz/55-jvc-lt-55vu6105-d6757153.htm,https://www.mall.cz/televizory/jvc-lt-55vu3105,"55"" JVC LT-55VU6105",JVC LT-55VU3105,close_nonmatch,0,0,0,0,0
https://www.alza.cz/hobbyumela-trava-1-33-x-5-m-40-mm-zelena-d6556419.htm,https://www.mall.cz/umele-kvetiny-stromky/shumee-umela-trava-1-x-5-m-40-mm-zelena-100048509182,"Umělá tráva 1,33 x 5 m / 40 mm zelená",shumee Umělá tráva 1 x 5 m / 40 mm zelená,close_nonmatch,0,0,0,0,0
https://www.alza.cz/intezze-cliq-black-d6658541.htm,https://www.mall.cz/true-wireless-sluchatka/intezze-cliq-cerna,Intezze CLIQ black,"Intezze CLIQ, černá",match,1,1,1,1,1
https://www.alza.cz/xbox-one-stereo-headset-d2121310.htm,https://www.mall.cz/herni-prislusenstvi/microsoft-xbox-stereo-headset-8li-00002,Xbox One Stereo Headset,Microsoft Xbox Stereo Headset (8LI-00002),close_nonmatch,0,1,1,1,1
https://www.alza.cz/petmonge-special-dog-excellence-fresh-pate-a-kousky-kure-150g-d6552827.htm,https://www.mall.cz/konzervy-psy/monge-special-dog-excellence-fresh-pate-a-kousky-jehne-150g-vanicka-100022270955,Monge Special Dog Excellence Fresh Paté a kousky kuře 150g,Monge SPECIAL DOG EXCELLENCE FRESH Paté a kousky jehně 150g vanička,medium_nonmatch,0,0,0,0,0
https://www.alza.cz/hobbytotal-tools-kamenne-kladivo-americky-typ-1000g-d6621963.htm,https://www.mall.cz/ostatni-rucni-naradi/total-tools-kamenne-kladivo-americky-typ-2000g-100026424062,"TOTAL-TOOLS Kamenné kladivo, americký typ, 1000g","Total Kamenné kladivo, americký typ, 2000g",medium_nonmatch,0,0,0,0,0
https://www.alza.cz/hobbyravak-rs-022-00-150-vanova-nastenna-baterie-150-mm-d6377472.htm,https://www.mall.cz/vodovodni-baterie/ravak-rs-022-00-150-vanova-nastenna-150-mm-100002384701,RAVAK RS 022.00/150 Vanová nástěnná baterie 150 mm,Ravak RS 022.00/150 Vanová nástěnná 150 mm,match,1,1,1,1,1
https://www.alza.cz/petpro-plan-large-adult-robust-optibalance-kure-14-kg-d5593165.htm,https://www.mall.cz/granule-psi/purina-pro-plan-adult-large-robust-optiderma-losos-14-kg,Pro Plan large adult robust optibalance kuře 14 kg,Purina Pro Plan Adult large robust OPTIDERMA losos 14 kg,close_nonmatch,0,0,0,0,0
https://www.alza.cz/meliconi-hp-digital-d6097950.htm,https://www.mall.cz/sluchatka/meliconi-hp-digital-cerna,Meliconi HP DIGITAL,"Meliconi HP DIGITAL, černá",match,1,1,1,1,1
https://www.alza.cz/romo-rce378a-d6225995.htm,https://www.mall.cz/volne-stojici-lednicky/romo-rca378a,"ROMO RCE378A+
- 4 roky záruka po registraci",Romo lednice s mrazákem RCA378A++,match,1,0,0,0,0
https://www.alza.cz/miele-kfn29162d-ws-d6345116.htm,https://www.mall.cz/volne-stojici-lednicky/miele-kfn-29162-d-nerez-series-120,MIELE KFN 29162 D ws Series 120,Miele KFN 29162 D nerez Series 120,medium_nonmatch,0,1,0,0,0
https://www.alza.cz/dell-xps-13-9380?dq=6907914,https://www.mall.cz/notebooky/dell-xps-13-9305-stribrna-9305-82845-100072548569?tab=parameters,Dell XPS 13 (9305) Silver,"DELL XPS 13 (9305), stříbrná (9305-82845)",close_nonmatch,0,1,1,1,1
https://www.alza.cz/happy-plugs-hope-black-d6846057.htm,https://www.mall.cz/true-wireless-sluchatka/happyplugs-air-1-plus-in-ear-cerna,Happy Plugs Hope Black,"Happy Plugs Air 1 Plus In-Ear, černá",medium_nonmatch,0,0,0,0,0
https://www.alza.cz/sporthusky-salmon-35-zeleny-d4193740.htm,https://www.mall.cz/damske-znackove-tasky-kabelky/husky-salmon-30-zeleny-100071654262,Husky Salmon 30 zelený,Husky SALMON 30 zelený,match,1,1,1,1,1
https://www.alza.cz/hobbykonferencni-stolek-vyrezavana-dvirka-90x55x36cm-hruby-mangovnik-d6512466.htm,https://www.mall.cz/stoly/shumee-konferencni-stolek-100-x-55-x-40-cm-hrube-mangovnikove-drevo-100058278083,Konferenční stolek vyřezávaná dvířka 90x55x36cm hrubý mangovník,shumee Konferenční stolek 100 x 55 x 40 cm hrubé mangovníkové dřevo,close_nonmatch,0,0,0,0,0
https://www.alza.cz/50-hisense-50a7100f-d5876140.htm,https://www.mall.cz/televizory/hisense-50a7100f,"50"" Hisense 50A7100F",Hisense 50A7100F,match,1,1,1,1,1
https://www.alza.cz/asus-vivobook-s14-s433ea-eb1155t-dreamy-white-celokovovy-d6674136.htm,https://www.mall.cz/notebooky/asus-vivobook-s14-s433ea-eb1108t,ASUS VivoBook S14 S433EA-EB1155T Dreamy White celokovový,Asus Vivobook S14 (S433EA-EB1108T),close_nonmatch,0,0,0,0,0
https://www.alza.cz/hobbybarove-stolicky-2-ks-oranzove-umela-kuze-d6503277.htm,https://www.mall.cz/nabytek-jidelny/shumee-barove-stolicky-2-ks-oranzove-umela-kuze-100058282253,Barové stoličky 2 ks oranžové umělá kůže,shumee Barové stoličky 2 ks oranžové umělá kůže,medium_nonmatch,0,1,1,1,1
https://www.alza.cz/nokia-5-4-fialova-d6333193.htm,https://www.mall.cz/mobilni-telefony/nokia-g50-4gb-128gb-ocean-blue,Nokia 5.4 128GB fialová,"Nokia G50, 4GB/128GB, Ocean Blue + antivirová ochrana ZDARMA!",medium_nonmatch,0,0,0,0,0
https://www.alza.cz/77-lg-oled77g1-d6409485.htm,https://www.mall.cz/televizory/lg-oled77b1,"77"" LG OLED77G1",LG OLED77B1,close_nonmatch,0,0,0,0,0
https://www.alza.cz/55-panasonic-tx-55jx940e-d6490279.htm,https://www.mall.cz/televizory/panasonic-tx-55jx940e,"55"" Panasonic TX-55JX940E",Panasonic TX-55JX940E,match,1,1,1,1,1
https://www.alza.cz/hobby10dilna-zahradni-souprava-s-poduskami-impregnovana-borovice-3065254-d6758843.htm,https://www.mall.cz/sety-nabytek/shumee-10dilna-zahradni-souprava-s-poduskami-impregnovana-borovice-100059775528,10dílná zahradní souprava s poduškami impregnovaná borovice 3065254,shumee 10dílná zahradní souprava s poduškami impregnovaná borovice,medium_nonmatch,0,1,1,1,1
https://www.alza.cz/hobbystanley-zamecnicke-kladivo-din1041-200g-d4382641.htm,https://www.mall.cz/ostatni-rucni-naradi/stanley-kladivo-zamecnicke-800g-1-51-178-100012755748,Stanley Zámečnické kladivo DIN1041 200g,Stanley Kladivo zámečnické 800g 1-51-178,medium_nonmatch,0,0,0,0,0
https://www.alza.cz/50-hisense-50a7100f-d5876140.htm,https://www.mall.cz/televizory/hisense-55a7100f,"50"" Hisense 50A7100F",Hisense 55A7100F,medium_nonmatch,0,0,0,0,0
https://www.alza.cz/honor-magic-earbuds-bila-d5813421.htm,https://www.mall.cz/true-wireless-sluchatka/honor-choice,Honor Magic Earbuds bílá,Honor Choice,medium_nonmatch,0,0,0,0,0
https://www.alza.cz/kluge-koi4020blg-d6270900.htm,https://www.mall.cz/kominove-odsavace/kluge-odsavac-ostruvkovy-koi9211blg-4-roky-zaruka-po-registraci-100039534209?src=sug&s=Kluge%20ODSAVAČ%20OSTRŮVKOVÝ,"KLUGE KOI4020BLG
- 4 roky záruka po registraci",Kluge ODSAVAČ OSTRŮVKOVÝ KOI9211BLG + 4 roky záruka po registraci,medium_nonmatch,0,0,0,0,0
https://www.alza.cz/lenovo-v15-iil-iron-grey-d5781513.htm,https://www.mall.cz/notebooky/lenovo-v15-iil-82c500j4ck,Lenovo V15-IIL Iron Grey,Lenovo V15-IIL (82C500J4CK),close_nonmatch,0,1,1,1,1
https://www.alza.cz/hobbykonferencni-stolek-vyrezavana-dvirka-90x55x36cm-hruby-mangovnik-d6512466.htm,https://www.mall.cz/stoly/greatstore-nocni-stolek-s-vyrezavanymi-dvirky-40x30x50-cm-hruby-mangovnik-100068931568,Konferenční stolek vyřezávaná dvířka 90x55x36cm hrubý mangovník,Greatstore Noční stolek s vyřezávanými dvířky 40x30x50 cm hrubý mangovník,medium_nonmatch,0,0,0,0,0
https://www.alza.cz/75-samsung-qe75q60a-d6366882.htm,https://www.mall.cz/televizory/samsung-qe75q60a,"75"" Samsung QE75Q60A",Samsung QE75Q60A,match,1,1,1,1,1
https://www.alza.cz/aladdin-mocca-thermavac-leak-lock-vakuovy-termohrnek-350ml-cerna-d5861637.htm,https://www.mall.cz/termohrnky/aladdin-urban-thermavactm-termohrnek-350-ml-satin-black-100066920330,"Aladdin Vakuový termohrnek 350ml Mocca Thermavac Leak-Lock™, černá",Aladdin Urban Thermavac™ termohrnek 350 ml Satin Black,medium_nonmatch,0,0,0,0,0
https://www.alza.cz/remoska-d52f10-4l-dua-glass-d6743429.htm,https://www.mall.cz/elektricke-panve/remoska-elektricka-panev-d52f10-4l,REMOSKA D52F/10 4l Dua Glass,Remoska elektrická pánev D52F/10 4l DUA GLASS,match,1,0,1,0,0
https://www.alza.cz/75-samsung-qe75q60a-d6366882.htm,https://www.mall.cz/televizory/samsung-qe75q70a,"75"" Samsung QE75Q60A",Samsung QE75Q70A,medium_nonmatch,0,0,0,0,0
https://www.alza.cz/65-lg-65up8100-d6409470.htm,https://www.mall.cz/televizory/lg-65up7500,"65"" LG 65UP8100",LG 65UP7500,medium_nonmatch,0,0,0,1,0
https://www.alza.cz/maxcom-mm720-d4626427.htm,https://www.mall.cz/mobilni-telefony/maxcom-mm144,Maxcom MM720,MaxCom MM144,medium_nonmatch,0,0,0,0,0
https://www.alza.cz/43-chiq-u43h7lx-d6740806.htm,https://www.mall.cz/televizory/chiq-u43h7sx,"43"" CHiQ U43H7LX",CHiQ U43H7SX,medium_nonmatch,0,0,0,0,0
https://www.alza.cz/75-samsung-qe75ls03a-d6366880.htm,https://www.mall.cz/televizory/samsung-the-frame-qe75ls03a-hnedy-ramecek,"75"" Samsung The Frame QE75LS03A",Samsung The Frame QE75LS03A + hnědý rámeček zdarma,medium_nonmatch,0,0,1,0,0
https://www.alza.cz/gorenje-nrk6192axl4-d6454045.htm,https://www.mall.cz/volne-stojici-lednicky/gorenje-nrk6192axl4-100043781859,"GORENJE NRK6192AXL4
+ 15 let záruka na kompresor po registraci",Gorenje NRK6192AXL4,match,1,1,0,0,0
https://www.alza.cz/liebherr-kbbs-4374-d6469000.htm,https://www.mall.cz/volne-stojici-lednicky/liebherr-ctpel-251,"LIEBHERR KBbs 4374
+ 10 let záruka na kompresor po registraci + 3 roky servisu po registraci",Liebherr kombinovaná chladnička CTPel 251,medium_nonmatch,0,0,0,0,0
https://www.alza.cz/65-sony-bravia-xr-65x93j-d6364487.htm,https://www.mall.cz/televizory/sony-xr-55x93j,"65"" Sony Bravia XR-65X93J",Sony XR-55X93J,close_nonmatch,0,0,0,0,0
https://www.alza.cz/acer-swift-3-sf313-53?dq=6503900,https://www.mall.cz/notebooky/acer-swift-3-nxablec002,Acer Swift 3 Pure Silver celokovový,Acer Swift 3 (NX.ABLEC.002),match,1,1,0,0,0
https://www.alza.cz/65-hisense-65u8gq-d6511266.htm,https://www.mall.cz/televizory/hisense-65u7qf,"65"" Hisense 65U8GQ",Hisense 65U7QF,medium_nonmatch,0,0,0,0,0
https://www.alza.cz/haylou-moripods-tws-pink-d6742911.htm,https://www.mall.cz/sluchatka/haylou-tws-moripods-bezdratova-sluchatka-white-100069130050,Haylou MoriPods TWS Pink,HAYLOU TWS Moripods Bezdrátová Sluchátka White,match,1,0,0,0,0
https://www.alza.cz/gorenje-bm251s4xg-d6804007.htm,https://www.mall.cz/vestavne-mikrovlnne-trouby/gorenje-bm235clb,GORENJE BM251S4XG,Gorenje vestavná mikrovlnná trouba BM235CLB,medium_nonmatch,0,0,0,0,0
https://www.alza.cz/petwellcan-gold-puppy-maxi-chicken-and-rice-15kg-d6552711.htm,https://www.mall.cz/granule-psi/wellcan-gold-puppy-mini-30-19-15kg-chicken-and-rice-kureci-maso-a-ryze-100022270229,WellCan Gold Puppy Maxi Chicken and Rice 15kg,Wellcan Gold PUPPY MINI 30/19 15kg Chicken and Rice kuřecí maso a rýže,close_nonmatch,0,0,0,0,0
https://www.alza.cz/sony-mdr-zx310-cerna-d1481418.htm,https://www.mall.cz/dratova-sluchatka/sony-mdr-zx310b-black,Sony MDR-ZX310 černá,Sony MDR-ZX310B sluchátka (Black),match,1,1,1,1,1
https://www.alza.cz/gogen-tws-crew-p-ruzova-d6752568.htm,https://www.mall.cz/true-wireless-sluchatka/gogen-tws-crew-svetle-ruzova,Gogen TWS CREW P růžová,"GoGEN TWS CREW, světle růžová",match,1,1,1,1,1
https://www.alza.cz/philips-hue-bloom-v2-bila-d5878430.htm,https://www.mall.cz/jidelna-svitidla/philips-hue-bloom-bluetooth-lampa-led-rgb-71w-500lm-2000-6500k-cerna,Philips Hue Bloom v2 Bílá,"Philips HUE Bloom Bluetooth LAMPA LED RGB 7,1W 500lm, 2000-6500K, černá",close_nonmatch,0,0,0,0,0
https://www.alza.cz/alcatel-1066g-black-d5248497.htm,https://www.mall.cz/mobilni-telefony/alcatel-1066g-black,Alcatel 1066G Black,Alcatel 1066G Black,match,1,1,1,1,1
https://www.alza.cz/hobbybavlneny-prehoz-s-pruhy-160-210-cm-ruzovo-bily-d6719182.htm,https://www.mall.cz/prikryvky-periny/greatstore-bavlneny-prehoz-s-pruhy-160-x-210-cm-ruzovo-bily-100073297510,Bavlněná deka s pruhy 160 × 210 cm růžovo-bílá,Greatstore Bavlněný přehoz s pruhy 160 x 210 cm růžovo-bílý,match,1,1,1,1,1
https://www.alza.cz/lg-gsj960pzbz-d5444195.htm,https://www.mall.cz/americke-chladnicky/lg-gsl960pzbz,"LG GSJ960PZBZ
+ 10 let záruka na kompresor",LG americká lednička GSL960PZBZ + 10 let záruka na kompresor,match,1,1,1,1,1
https://www.alza.cz/huawei-freebuds-4i-carbon-black-d6386583.htm,https://www.mall.cz/true-wireless-sluchatka/huawei-bluetooth-sluchatka-freebuds-lite-cerne-55030712,Huawei FreeBuds 4i Carbon Black,Huawei Bluetooth sluchátka FreeBuds Lite černé 55030712,medium_nonmatch,0,0,0,0,0
https://www.alza.cz/75-lg-75nano96p-d6409482.htm,https://www.mall.cz/televizory/lg-75nano92p,"75"" LG 75NANO96P",LG 75NANO92P,close_nonmatch,0,0,0,0,0
https://www.alza.cz/dell-latitude-3580?dq=6403730,https://www.mall.cz/notebooky/dell-latitude-14-5420-35d90?src=sug&s=dell%20latitude%2030000,Dell Latitude 5520,DELL Latitude 14 5420 (35D90),medium_nonmatch,0,0,0,0,0
https://www.alza.cz/beko-csa270k30xpn-d5854413.htm,https://www.mall.cz/volne-stojici-lednicky/beko-csa270m31wn?src=sug&s=beko%20lednice%20csa,BEKO CSA270K30XPN,Beko lednice s mrazákem CSA270M31WN,close_nonmatch,0,0,0,0,0
https://www.alza.cz/77-sony-bravia-xr-77a83j-d6364490.htm,https://www.mall.cz/televizory/sony-xr-65a90j,"77"" Sony Bravia OLED XR-77A83J",Sony XR-65A90J,medium_nonmatch,0,0,0,0,0
https://www.alza.cz/crystal-bohemia-misa-na-noze-samurai-290mm-d6702073.htm,https://www.mall.cz/tacy-podnosy/bohemia-crystal-bohemia-crystal-misa-na-noze-ikaros-265mm-100050422555,Crystal Bohemia mísa na noze Samurai 290mm,Bohemia Crystal Bohemia Crystal Mísa na noze Ikaros 265mm,close_nonmatch,0,0,0,0,0
https://www.alza.cz/aeg-mastery-flexishelf-sce818d3fs-d6744322.htm,https://www.mall.cz/vestavne-lednicky/aeg-mastery-flexishelf-sce818d3fs,"AEG Mastery FlexiShelf SCE818D3FS
- 10 let záruka na motor po registraci",AEG vestavná kombinovaná chladnička Mastery FlexiShelf SCE818D3FS,match,1,1,1,1,1
https://www.alza.cz/hobbyshumee-vyvyseny-zahon-196-x-50-x-50-cm-impregnovana-borovice-d6484931.htm,https://www.mall.cz/truhliky/shumee-vyvyseny-zahon-196-x-50-x-100-cm-impregnovana-borovice-100018578578,Vyvýšený záhon 196 x 50 x 50 cm impregnovaná borovice,shumee Vyvýšený záhon 196 x 50 x 100 cm impregnovaná borovice,medium_nonmatch,0,0,0,0,0
https://www.alza.cz/55-samsung-qe55qn85a-d6366911.htm,https://www.mall.cz/televizory/samsung-qe55q80a,"55"" Samsung QE55QN85A",Samsung QE55Q80A,close_nonmatch,0,0,0,0,0
https://www.alza.cz/hobbyprosperplast-sandy-vklad-sedy-kamen-29-7-cm-d6455917.htm,https://www.mall.cz/kvetinace/prosperplast-kvetinac-sandy-100051277334,"Prosperplast SANDY + vklad šedý kámen 29,7 cm",Prosperplast Květináč SANDY,close_nonmatch,0,0,0,0,0
https://www.alza.cz/philco-phta-4010-topinkovac-d6134682.htm,https://www.mall.cz/topinkovace/philco-phta-4006,PHILCO PHTA 4010 TOPINKOVAČ,Philco PHTA 4006,close_nonmatch,0,0,0,0,0
https://www.alza.cz/55-lg-55up7500-d6409458.htm,https://www.mall.cz/televizory/lg-55up7500,"55"" LG 55UP7500",LG 55UP7500,match,1,1,1,1,1
https://www.alza.cz/microsoft-surface-earbuds-d5843503.htm,https://www.mall.cz/sluchatka/microsoft-modern-wireless-headset-for-business,"Microsoft Surface Earbuds, Graphite",Microsoft Modern Wireless Headset for Business,medium_nonmatch,0,0,0,0,0
https://www.alza.cz/fujitsu-lifebook-u9310?dq=6750130,https://www.mall.cz/notebooky/fujitsu-lifebook-u9310-cerna-vfy-u9310m451fcz-100059247084,Fujitsu LIFEBOOK U9311A,"Fujitsu LifeBook U9310, černá (VFY:U9310M451FCZ)",close_nonmatch,0,0,0,0,0
https://www.alza.cz/acer-aspire-5?dq=6229594?dq=6805011,https://www.mall.cz/notebooky/acer-aspire-7-nhq99ec002,Acer Aspire 5 Pure Silver + Charcoal Black kovový,Acer Aspire 7 (NH.Q99EC.002),medium_nonmatch,0,0,0,0,0
https://www.alza.cz/sportdakine-infinity-pack-21l-darkolive-d6656722.htm,https://www.mall.cz/batohy/dakine-infinity-pack-lt-22l-minidsbrly-10002623-s20-infinity-pack-lt-22l-minidsbrly-100021930795,Dakine Infinity Pack 21L Darkolive,"Dakine INFINITY PACK LT 22L | MINIDSBRLY, 10002623-S20 | INFINITY PACK LT 22L | MINIDSBRLY",medium_nonmatch,0,0,0,0,0
https://www.alza.cz/petversele-laga-crock-complete-chicken-s-kurecim-masem-50-g-d6562366.htm,https://www.mall.cz/krmivo-hlodavci/pochoutka-versele-laga-crock-complete-bylinky-50g-100053124870,Versele Laga Crock Complete Chicken s kuřecím masem 50 g,Pochoutka VERSELE-LAGA Crock Complete bylinky (50g),medium_nonmatch,0,0,0,0,0
https://www.alza.cz/fujitsu-lifebook-u9310?dq=6750130,https://www.mall.cz/notebooky/fujitsu-lifebook-u7411-cerna-vfy-u7411mf7arcz-100059247182,Fujitsu LIFEBOOK U9311A,"Fujitsu Lifebook U7411, černá (VFY:U7411MF7ARCZ)",medium_nonmatch,0,0,0,0,0
https://www.alza.cz/logitech-g733-league-of-legends-edition-d6369302.htm,https://www.mall.cz/herni-prislusenstvi/logitech-g733-lightspeed-k-da-981-000990-100059250090,Logitech G733 K/DA edice,"Logitech G733 Lightspeed, K/DA (981-000990)",match,1,1,1,1,1
https://www.alza.cz/dell-latitude-7390?dq=6638386,https://www.mall.cz/notebooky/dell-latitude-15-5521-seda-5vrmd-100061551616,Dell Latitude 7320 Touch,"DELL Latitude 15 (5521), šedá (5VRMD)",medium_nonmatch,0,0,1,0,0
https://www.alza.cz/32-strong-srt32hc2003-d6462279.htm,https://www.mall.cz/televizory/strong-srt-32hc2003,"32"" STRONG SRT32HC2003",STRONG SRT 32HC2003,match,1,1,0,1,1
https://www.alza.cz/petroyal-canin-medium-puppy-15-kg-d5637269.htm,https://www.mall.cz/granule-psi/royal-canin-canine-medium-puppy-15-kg-100053120028,Royal Canin Medium Puppy 15 kg,Royal Canin - Canine Medium Puppy 15 kg,close_nonmatch,0,1,0,0,0
https://www.alza.cz/55-panasonic-tx-55jx940e-d6490279.htm,https://www.mall.cz/televizory/panasonic-tx-49jx940e,"55"" Panasonic TX-55JX940E",Panasonic TX-49JX940E,close_nonmatch,0,0,0,0,0
https://www.alza.cz/vivo-y52-5g?dq=6632393,https://www.mall.cz/vivo-y70/vivo-y70-8gb128gb-blue-oxygen,Vivo Y52 5G 4+128GB modrá,"VIVO Y70, 8GB/128GB, Blue Oxygen + antivirová ochrana ZDARMA!",close_nonmatch,0,0,0,0,0
https://www.alza.cz/rabalux-levi-2569-d5003581.htm,https://www.mall.cz/vnitrni-osvetleni/rabalux-rabalux-zavesne-svitidlo-levi-e27-1x-max-60w-cerna-2567-100055678660,RABALUX Levi 2569,Rabalux Rabalux závěsné svítidlo Levi E27 1x MAX 60W černá 2567,close_nonmatch,0,0,0,0,0
https://www.alza.cz/gorenje-nrk61daxl4-d6796425.htm,https://www.mall.cz/volne-stojici-lednicky/gorenje-nrk6202ebxl4,GORENJE NRK61DAXL4,Gorenje chladnička NRK6202EBXL4 + 15 let záruka na kompresor,medium_nonmatch,0,1,0,0,0
https://www.alza.cz/hobbyzatahovaci-bocni-markyza-zastena-na-terasu-100-x-500-cm-modra-d6490722.htm,https://www.mall.cz/markyzy/shumee-zatahovaci-bocni-markyza-zastena-na-terasu-120-x-500-cm-modra-100019879720,Zatahovací boční markýza/zástěna na terasu 100 x 500 cm modrá,shumee Zatahovací boční markýza/zástěna na terasu 120 x 500 cm modrá,close_nonmatch,0,0,0,1,0
https://www.alza.cz/aligator-figi-g6?dq=6789938,https://www.mall.cz/mobilni-telefony/aligator-figi-note-1c-3gb-32gb-sky-blue,Aligator Figi G6 gradientní fialová,"Aligator FIGI NOTE 1C, 3GB/32GB, Sky Blue",medium_nonmatch,0,0,0,1,0
https://www.alza.cz/happy-plugs-air-1-go-nude-d5856436.htm,https://www.mall.cz/true-wireless-sluchatka/happyplugs-air-1-go-bezova,Happy Plugs Air 1 Go Nude,"Happy Plugs Air 1 Go, béžová",match,1,1,0,1,1
https://www.alza.cz/cpa-halo-11-pro-senior?dq=6218483,https://www.mall.cz/mobilni-telefony/cpa-halo-18-senior-cerveny-s-nabijecim-stojankem,CPA Halo 11 Pro Senior modrá,CPA Halo 18 Senior červený s nabíjecím stojánkem,medium_nonmatch,0,0,0,0,0
https://www.alza.cz/koss-bt-115i-seda-d5450723.htm,https://www.mall.cz/sluchatka-usi/koss-bt232i-seda,Koss BT/115i šedá,"KOSS BT232i bezdrátová sluchátka, šedá",medium_nonmatch,0,1,0,1,1
https://www.alza.cz/aligator-a675-senior?dq=6154930,https://www.mall.cz/mobilni-telefony/aligator-a675-senior-red,Aligator A675 Senior červená,Aligator A675 Senior Red,match,1,1,1,1,1
https://www.alza.cz/saloos-10-ml?dq=5606974,https://www.mall.cz/osvezovace-vzduchu/saloos-osvezovac-vzduchu-litsea-cubeba-50-ml-100024944126?src=sug&s=Saloos%20Esenciální%20olej%20litsea,Saloos Litsea Cubeba 10 ml,Saloos Osvěžovač vzduchu Litsea Cubeba 50 ml,medium_nonmatch,0,0,0,0,0
https://www.alza.cz/aeg-mastery-rcb646e3mb-d5864840.htm,https://www.mall.cz/volne-stojici-lednicky/aeg-mastery-rcb632e4mx,"AEG Mastery RCB646E3MB
- 10 let záruka na motor po registraci",AEG lednice Mastery RCB632E4MX + 10 let záruka na kompresor,close_nonmatch,0,0,0,0,0
https://www.alza.cz/65-chiq-u65g7u-d6740815.htm,https://www.mall.cz/televizory/chiq-u65h7sx,"65"" CHiQ U65G7U",CHiQ U65H7SX,medium_nonmatch,0,0,0,1,0
https://www.alza.cz/realme-8?dq=6803568,https://www.mall.cz/mobilni-telefony/realme-8-5g-4gb64gb-supersonic-blue,Realme 8 DualSIM 8GB/128GB Punk černá,"realme 8 5G, 4GB/64GB, Supersonic Blue + antivirová ochrana ZDARMA!",close_nonmatch,0,0,0,0,0
https://www.alza.cz/realme-8?dq=6803568,https://www.mall.cz/mobilni-telefony/realme-8i-4gb128gb-stellar-purple,Realme 8 DualSIM 8GB/128GB Punk černá,"realme 8i, 4GB/128GB, Stellar Purple + antivirová ochrana ZDARMA!",medium_nonmatch,0,0,0,1,0
https://www.alza.cz/hobbykonferencni-stolek-vyrezavana-dvirka-90x55x36cm-hruby-mangovnik-d6512466.htm,https://www.mall.cz/stoly/greatstore-konferencni-stolek-vyrezavana-dvirka-90x55x36cm-hruby-mangovnik-100074554700,Konferenční stolek vyřezávaná dvířka 90x55x36cm hrubý mangovník,Greatstore Konferenční stolek vyřezávaná dvířka 90x55x36cm hrubý mangovník,match,1,1,1,1,1
https://www.alza.cz/blackview-gbl5000?dq=6727917,https://www.mall.cz/mobilni-telefony/blackview-blackview-bl5000-5g-8-128gb-5280mah-100068592796,Blackview GBL5000 oranžová,"Blackview BL5000 5G 8/128GB, 5280mAh, černá",close_nonmatch,0,0,0,0,0
https://www.alza.cz/hobbyshumee-vyvyseny-zahon-pozinkovana-ocel-100-x-40-x-45-cm-zeleny-d6484692.htm,https://www.mall.cz/truhliky/shumee-vyvyseny-zahradni-zahon-100x100x45-cm-pozinkovana-ocel-zeleny-100018329004,Vyvýšený záhon pozinkovaná ocel 100 x 40 x 45 cm zelený,shumee Vyvýšený zahradní záhon 100x100x45 cm pozinkovaná ocel zelený,close_nonmatch,0,0,0,0,0
https://www.alza.cz/asus-zenbook-ux325ea-grey?dq=6539002,https://www.mall.cz/notebooky/asus-zenbook-14-ux425ea-ki361t,ASUS ZenBook 13 OLED UX325EA-KG264R Pine Grey kovový,Asus ZenBook 14 (UX425EA-KI361T),medium_nonmatch,0,0,0,0,0
https://www.alza.cz/hobby10dilna-zahradni-souprava-s-poduskami-impregnovana-borovice-3065254-d6758843.htm,https://www.mall.cz/sety-nabytek/shumee-10dilna-zahradni-souprava-s-poduskami-impregnovana-borovice-100065767270,10dílná zahradní souprava s poduškami impregnovaná borovice 3065254,shumee 10dílná zahradní souprava s poduškami impregnovaná borovice,close_nonmatch,0,1,1,1,1
https://www.alza.cz/alcatel-1se-2021?dq=6771286,https://www.mall.cz/mobilni-telefony/alcatel-1s-2021-6025h-3gb-32gb-twilight-blue-100068793194,Alcatel 1SE 2021 64GB zelená,"Alcatel 1S 2021 (6025H), 3GB/32GB, Twilight Blue",medium_nonmatch,0,0,0,0,0
https://www.alza.cz/hendi-drzak-ubrousku-170x30xh70-mm-d6873207.htm,https://www.mall.cz/vitriny-gastro/hendi-drzak-ubrousku-170x30x-h-70-mm-100068222042,Hendi Držák ubrousků - 170x30x(H)70 mm,Hendi Držák ubrousků - 170x30x(H)70 mm,match,1,1,1,1,1
https://www.alza.cz/vivo-y52-5g?dq=6632393,https://www.mall.cz/mobilni-telefony/vivo-y52-5g-8gb-128gb-modra-polar,Vivo Y52 5G 4+128GB modrá,"VIVO Y52 5G, 4GB/128GB, Modrá Polar + antivirová ochrana ZDARMA!",match,1,0,0,0,0
https://www.alza.cz/sportferrino-overland-65-10-new-d5587552.htm,https://www.mall.cz/batohy/ferrino-agile-35-black,Ferrino Overland 65+10 NEW,Ferrino Agile 35 - black,medium_nonmatch,0,0,0,0,0
https://www.alza.cz/apple-airpods-studio-d6230607.htm,https://www.mall.cz/sluchatka-usi/apple-airpods-pro-2021,Apple AirPods Max Vesmírně šedá,Apple AirPods Pro 2021 MLWK3ZM/A,close_nonmatch,0,0,0,0,0
https://www.alza.cz/defunc-true-go-slim-pink-d6519485.htm,https://www.mall.cz/true-wireless-sluchatka/defunc-true-go-slim-ruzova,DeFunc TRUE GO Slim Pink,"Defunc TRUE GO Slim, růžová",match,1,1,1,1,1
https://www.alza.cz/dell-latitude-3580?dq=6403730,https://www.mall.cz/notebooky/dell-latitude-15-5520-seda-mn4jd-100061550709,Dell Latitude 5520,"DELL Latitude 15 (5520), šedá (MN4JD)",match,1,1,1,1,1
https://www.alza.cz/asus-x415?dq=6674133,https://www.mall.cz/notebooky/asus-x415ea-eb511,ASUS X415EA-EB853 Transparent Silver,Asus X415EA-EB511,match,1,0,0,1,0
https://www.alza.cz/hobbygardena-zavlazovaci-sprcha-ecoline-d6924591.htm,https://www.mall.cz/zavlazovani/gardena-cistici-postrikovac-ecopulse-comfort-18304-20,Gardena Zavlažovací sprcha EcoLine,Gardena Čisticí postřikovač ecoPulse Comfort 18304-20,medium_nonmatch,0,0,0,0,0
https://www.alza.cz/liebherr-irde-5121-d6937637.htm,https://www.mall.cz/volne-stojici-lednicky/liebherr-kgf-1855-3,"LIEBHERR IRDe 5121
+ 10 let záruka na kompresor po registraci + 3 roky servisu po registraci",Liebherr KGf 1855-3 + 5 let prodloužená záruka,close_nonmatch,0,0,0,0,0
https://www.alza.cz/philips-hue-go-v2-d5762206.htm,https://www.mall.cz/smart-domacnost-2/philips-hue-stolni-lampa-felicity-4097531p7-bila,Philips Hue GO v2,Philips Hue Stolní lampa Felicity 40975/31/P7 bílá,medium_nonmatch,0,0,0,0,0
https://www.alza.cz/electrolux-perfectcare-600-ew6tn14272-d6670781.htm,https://www.mall.cz/pracky-horni-plneni/electrolux-ew6tn14272?src=sug&s=ELECTROLUX%20PerfectCare%20600%20EW6TN14272,ELECTROLUX PerfectCare 600 EW6TN14272,Electrolux pračka PerfectCare 600 EW6TN14272 + dárek set 2x ručník a 1x osuška B.E.S. Petrovice,match,1,0,1,1,1
https://www.alza.cz/amica-vc-1802-afx-d5260421.htm,https://www.mall.cz/volne-stojici-lednicky/amica-vc-1802-afx,AMICA VC 1802 AFX,Amica lednice s mrazákem VC 1802 AFX,match,1,1,1,1,1
https://www.alza.cz/lamart-lt7046-cuivre-3l-cerna-d6129624.htm,https://www.mall.cz/varne-konvice/lamart-konvice-cuivre-lt7046-3-l-cerna?src=sug&s=LAMART%20LT7046%20CUIVRE%203L%2C%20černá,"LAMART LT7046 CUIVRE 3L, černá",Lamart Konvice Cuivre LT7046 3 l černá,match,1,1,1,1,1
https://www.alza.cz/hobbyvavex-tapeta-mo22821-d6634209.htm,https://www.mall.cz/dekorace-tapety-zed/vavex-geometricka-vliesova-tapeta-mo22821-geometry-vavex-100036274917,VAVEX tapeta MO22821,"Vavex Geometrická vliesová tapeta MO22821, Geometry, Vavex",match,1,1,1,1,1
https://www.alza.cz/dell-g5-15-gaming-5590?dq=6638378,https://www.mall.cz/notebooky/dell-g15-5511-cerna-g5511-37807-100061551524?tab=parameters,Dell G5 15 Gaming (5511),"DELL G15 (5511), černá (G5511-37807)",close_nonmatch,0,1,1,1,1
https://www.alza.cz/apple-airpods-studio-d6230607.htm,https://www.mall.cz/true-wireless-sluchatka/apple-airpods-2021,Apple AirPods Max Vesmírně šedá,Apple AirPods 2021 MME73ZM/A,medium_nonmatch,0,0,0,0,0
https://www.alza.cz/hobby7dilna-zahradni-sedaci-souprava-s-poduskami-polyratan-seda-44158-44158-d6451395.htm,https://www.mall.cz/sety-nabytek/shumee-7dilna-zahradni-sedaci-souprava-s-poduskami-polyratan-seda-100065766984,7dílná zahradní sedací souprava s poduškami polyratan šedá 44158 44158,shumee 7dílná zahradní sedací souprava s poduškami polyratan šedá,close_nonmatch,0,1,1,1,1
https://www.alza.cz/hobby7dilny-zahradni-jidelni-set-plastovy-zeleny-275080-275080-d6452204.htm,https://www.mall.cz/sety-nabytek/shumee-7dilny-zahradni-jidelni-set-plastovy-zeleny-100018049786,7dílný zahradní jídelní set plastový zelený 275080 275080,shumee 7dílný zahradní jídelní set plastový zelený,match,1,1,1,1,1
https://www.alza.cz/saloos-10-ml?dq=5606974,https://www.mall.cz/dekorace-svicky/saloos-esencialni-olej-litsea-cubeba-10ml-100041233423?src=sug&s=Saloos%20Litsea%20Cubeba%2010%20ml,Saloos Litsea Cubeba 10 ml,Saloos Esenciální olej - Litsea Cubeba 10ml,match,1,0,1,1,1
https://www.alza.cz/hobbyprosperplast-sandy-vklad-sedy-kamen-29-7-cm-d6455917.htm,https://www.mall.cz/kvetinace/prosperplast-kvetinac-sandy-100051277373,"Prosperplast SANDY + vklad šedý kámen 29,7 cm",Prosperplast Květináč SANDY,match,1,1,0,0,0
https://www.alza.cz/acer-aspire-5?dq=6923752,https://www.mall.cz/notebooky/acer-aspire-5-nxa5cec008,Acer Aspire 5 Pure Silver kovový,Acer Aspire 5 (NX.A5CEC.008),close_nonmatch,0,1,1,0,1
https://www.alza.cz/lenovo-legion-5-15ach6h?dq=6317892,https://www.mall.cz/notebooky/lenovo-legion-7-16achg6-82n60013ck,Lenovo Legion 5-15ACH6H Phantom Blue/Shadow Black,Lenovo Legion 7 16ACHg6 (82N60013CK),medium_nonmatch,0,0,0,0,0
https://www.alza.cz/24-hitachi-24hae2350-d6869294.htm,https://www.mall.cz/televizory/hitachi-24hae2350,"24"" HITACHI 24HAE2350",Hitachi 24HAE2350,match,1,1,1,1,1
https://www.alza.cz/thomson-whp3001-d1481654.htm,https://www.mall.cz/sluchatka-bez-mikrofonu/thomson-wear7701-cerna,Thomson WHP3001,"Thomson WEAR7701, černá",medium_nonmatch,0,0,0,0,0
https://www.alza.cz/85-samsung-ue85au8072-d6366879.htm,https://www.mall.cz/televizory/samsung-ue85au7172u,"85"" Samsung UE85AU8072",Samsung UE85AU7172U,close_nonmatch,0,0,0,0,0
https://www.alza.cz/concept-61990255-d5799553.htm,https://www.mall.cz/odsavace-par-prislusenstvi/concept-uhlikovy-filtr-61990049,Concept 61990255,Concept Uhlíkový filtr 61990049,close_nonmatch,0,0,0,0,0
https://www.alza.cz/24-gogen-tvh-24p452t-d6200830.htm,https://www.mall.cz/televizory/gogen-tvh-24j536-gweb,"24"" Gogen TVH 24P452T",GoGEN TVH 24J536 GWEB,medium_nonmatch,0,0,0,0,0
https://www.alza.cz/svetelna-sit-na-vanocni-stromek-se-150-led-diodami-ip44-150-cm-d6720289.htm,https://www.mall.cz/venkovni-vanocni-osvetleni/shumee-svetelna-sit-na-vanocni-stromek-se-150-led-modra-150-cm-100072160881?src=sug&s=Sv%C4%9Bteln%C3%A1%20s%C3%AD%C5%A5%20na%20v%C3%A1no%C4%8Dn%C3%AD%20stromek%20se%20150%20Le,Světelná síť na vánoční stromek se 150 LED diodami IP44 150 cm,shumee Světelná síť na vánoční stromek se 150 LED modrá 150 cm,medium_nonmatch,0,0,0,0,0
https://www.alza.cz/maxcom-mm818-modra-d6240487.htm,https://www.mall.cz/mobilni-telefony/maxcom-mm-818-modry,Maxcom MM818 modrá,"MaxCom MM 818, modrý",match,1,1,1,0,1
https://www.alza.cz/hobbyshumee-vyvyseny-zahon-196-x-50-x-50-cm-impregnovana-borovice-d6484931.htm,https://www.mall.cz/truhliky/shumee-vyvyseny-zahon-196-x-100-x-50-cm-impregnovana-borovice-100018578529,Vyvýšený záhon 196 x 50 x 50 cm impregnovaná borovice,shumee Vyvýšený záhon 196 x 100 x 50 cm impregnovaná borovice,close_nonmatch,0,0,0,0,0
https://www.alza.cz/hobby4dilna-zahradni-sedaci-souprava-z-palet-drevo-medove-hneda-277453-277453-d6450430.htm,https://www.mall.cz/sety-nabytek/shumee-4dilna-zahradni-sedaci-souprava-z-palet-drevo-medove-hneda-100018338188,4dílná zahradní sedací souprava z palet dřevo medově hnědá 277453 277453,shumee 4dílná zahradní sedací souprava z palet dřevo medově hnědá,match,1,1,1,1,1
https://www.alza.cz/65-sony-bravia-xr-65a90j-d6364486.htm,https://www.mall.cz/televizory/sony-xr-77a80j,"65"" Sony Bravia OLED XR-65A90J",Sony XR-77A80J,medium_nonmatch,0,0,0,0,0
https://www.alza.cz/dell-latitude-3580?dq=6403730,https://www.mall.cz/notebooky/dell-latitude-15-5520-seda-fpknm-100061550705,Dell Latitude 5520,"DELL Latitude 15 (5520), šedá (FPKNM)",close_nonmatch,0,1,1,1,1
https://www.alza.cz/hobbyprimalex-barva-mandarinkova-0-5l-d6794004.htm,https://www.mall.cz/interierove-barvy/primalex-primalex-barva-mandarinkova-0-5l-100066536249,Primalex barva mandarinková (0.5l),Primalex Primalex barva mandarinková (0.5l),match,1,1,1,1,1
https://www.alza.cz/petshumee-skrabadlo-se-sisalovymi-sloupky-tmave-modre-30-30-109-cm-d6511063.htm,https://www.mall.cz/skrabadla/shumee-skrabadlo-pro-kocky-se-sisalovymi-sloupky-109-cm-bezove-100017944886,Shumee Škrabadlo se sisalovými sloupky tmavě modré 30 × 30 × 109 cm,shumee Škrabadlo pro kočky se sisalovými sloupky 109 cm béžové,close_nonmatch,0,0,0,0,0
https://www.alza.cz/candy-chsbsv-5172xn-d6283931.htm,https://www.mall.cz/americke-chladnicky/candy-chsbsv-5172xn,CANDY CHSBSV 5172XN,Candy americká lednička CHSBSV 5172XN,match,1,1,1,1,1
https://www.alza.cz/oneplus-9?dq=6393199,https://www.mall.cz/mobilni-telefony/oneplus-10-pro-12gb-256gb-black-100075820602,OnePlus 9 8GB/128GB modrá,"OnePlus 10 Pro, 12GB/256GB, Black",medium_nonmatch,0,0,0,0,0
https://www.alza.cz/bosch-ksv33vlep-d6332500.htm,https://www.mall.cz/volne-stojici-lednicky/bosch-ksv33vlep,BOSCH KSV33VLEP,Bosch chladnička KSV33VLEP,match,1,1,1,1,1
https://www.alza.cz/lava-metal-litinovy-rendlik-16-cm-cerveny-d6232373.htm,https://www.mall.cz/kuchyne-hrnce/lava-litinovy-hrnec-kulaty-24cm-cerveny-100052678367,LAVA METAL Litinový rendlík 16 cm - červený,Lava Litinový hrnec kulatý 24cm - červený,medium_nonmatch,0,0,0,1,0
https://www.alza.cz/wk-3477-deluxe-d6155355.htm,https://www.mall.cz/rychlovarne-konvice-termoregulace/severin-severin-wk-3477?src=sug&s=WK%203477%20Deluxe,WK 3477 Deluxe,Severin rychlovarná konvice WK 3477,match,1,1,0,0,0
https://www.alza.cz/sportferrino-durance-30-d5690402.htm,https://www.mall.cz/batohy/ferrino-durance-cervena-30-l,Ferrino Durance 30,"Ferrino Durance, červená, 30 l",match,1,1,1,1,1
https://www.alza.cz/electrolux-perfectcare-600-ew6tn14272-d6670781.htm,https://www.mall.cz/pracky-horni-plneni/electrolux-ew6tn14262,ELECTROLUX PerfectCare 600 EW6TN14272,Electrolux pračka PerfectCare 600 EW6TN14262 + dárek set 2x ručník a 1x osuška B.E.S. Petrovice,close_nonmatch,0,0,0,0,0
https://www.alza.cz/petmonge-special-dog-excellence-fresh-pate-a-kousky-kure-150g-d6552827.htm,https://www.mall.cz/konzervy-psy/monge-special-dog-excellence-adult-pate-kachna-150g-vanicka-100022270961,Monge Special Dog Excellence Fresh Paté a kousky kuře 150g,Monge SPECIAL DOG EXCELLENCE ADULT paté kachna 150g vanička,close_nonmatch,0,0,0,0,0
https://www.alza.cz/50-chiq-u50h7lx-d6740810.htm,https://www.mall.cz/televizory/chiq-u55h7lx,"50"" CHiQ U50H7LX",CHiQ U55H7LX,close_nonmatch,0,0,0,0,0
https://www.alza.cz/maxcom-mm-428-d5790687.htm,https://www.mall.cz/mobilni-telefony/maxcom-mm428,Maxcom MM428,MaxCom MM428,match,1,1,1,1,1
https://www.alza.cz/75-samsung-qe75q75a-d6371569.htm,https://www.mall.cz/televizory/samsung-qe75q60a,"75"" Samsung QE75Q75A",Samsung QE75Q60A,medium_nonmatch,0,0,0,0,0
https://www.alza.cz/65-lg-65nano80p-d6414717.htm,https://www.mall.cz/televizory/lg-65nano80p,"65"" LG 65NANO80P",LG 65NANO80P,match,1,1,1,1,1
https://www.alza.cz/kesper-prkenko-plastove-bile-protiskluzova-guma-36x25-cm-d5856824.htm,https://www.mall.cz/kuchynska-prkenka/kesper-bambusove-prkenko-s-vyjimatelnou-drazkou-100049598620,"Kesper Prkénko plastové bílé, protiskluzová guma 36x25 cm",Kesper Bambusové prkénko s vyjímatelnou drážkou,medium_nonmatch,0,0,1,0,0
https://www.alza.cz/whirlpool-tdlr-6230ss-eu-n-d5891836.htm,https://www.mall.cz/pracky-horni-plneni/whirlpool-tdlr-7221bs-eun,"WHIRLPOOL TDLR 6230SS EU/N
+ 5 let extra záruka na motor po registraci",Whirlpool pračka TDLR 7221BS EU/N + 10 let záruka na motor,close_nonmatch,0,0,0,1,0
https://www.alza.cz/petversele-laga-crock-complete-chicken-s-kurecim-masem-50-g-d6562366.htm,https://www.mall.cz/krmivo-hlodavci/pochoutka-versele-laga-crock-complete-syr-50g-100053119823,Versele Laga Crock Complete Chicken s kuřecím masem 50 g,Pochoutka VERSELE-LAGA Crock Complete sýr (50g),close_nonmatch,0,0,0,1,0
https://www.alza.cz/pribornik-sedy-60-x-30-x-75-cm-drevotriska-d6501215.htm,https://www.mall.cz/priborniky-kredence/shumee-pribornik-bily-a-dub-sonoma-88-x-30-x-70-cm-drevotriska-100018323832,Příborník šedý 60 x 30 x 75 cm dřevotříska,shumee Příborník bílý a dub sonoma 88 x 30 x 70 cm dřevotříska,medium_nonmatch,0,0,0,0,0
https://www.alza.cz/remoska-d52f10-4l-dua-glass-d6743429.htm,https://www.mall.cz/elektricke-panve/remoska-tria-blue,REMOSKA D52F/10 4l Dua Glass,Remoska T41/46 Tria Blue,medium_nonmatch,0,0,0,0,0
https://www.alza.cz/sportminecraft-mobs-batoh-gym-bag-svacinovy-box-penal-klicenka-d6361835.htm,https://www.mall.cz/skolni-batohy-aktovky/skolni-batoh-minecraft-mobs-set-batoh-gym-bag-vak-svacinovy-box-penal-klicenka-objem-100049145489?src=sug&s=Minecraft%20-%20Mobs%20-%20Batoh%2C%20gym%20bag%2C%20sva%C4%8Dinov%C3%BD%20box%2C%20pen%C3%A1l%2C%20kl%C3%AD%C4%8Denka,"Minecraft - Mobs - Batoh, gym bag, svačinový box, penál, klíčenka",CurePink Školní batoh Minecraft|Mobs: Set batoh - gym bag vak - svačinový box - penál - klíčenka (objem batohu 11 litrů|30 x 41 x 9 cm) zelený polyester,match,1,0,0,0,0
https://www.alza.cz/sodastream-vicko-nerez-s-cernym-poutkem-2-ks-d6680876.htm,https://www.mall.cz/sodastream-prislusenstvi/sodastream-vicko-se-sportovnim-uzaverem-2-ks-soda,Sodastream Víčko nerez s černým poutkem 2 ks,Sodastream Víčko se sportovním uzávěrem 2 ks SODA,medium_nonmatch,0,0,1,0,0
https://www.alza.cz/koss-kph-7-zelena-24-mesicu-d2649273.htm,https://www.mall.cz/dratova-sluchatka/koss-ke7,Koss KPH/7 zelená (24 měsíců záruka),KOSS KE/7 (doživotní záruka),close_nonmatch,0,0,0,1,0
https://www.alza.cz/55-samsung-qe55qn85a-d6366911.htm,https://www.mall.cz/televizory/samsung-qe55q70a,"55"" Samsung QE55QN85A",Samsung QE55Q70A,medium_nonmatch,0,0,1,0,0
https://www.alza.cz/made-in-japan-miska-na-sake-sake-cup-vysoka-80-ml-cerna-d5846151.htm,https://www.mall.cz/hrnky-salky/mij-kalisek-na-sake-sake-cup-vysoka-80-ml-cerna-100010738102,Made In Japan Miska na saké Sake Cup vysoká 50 ml černá,MIJ Kalíšek na saké Sake Cup vysoká 80 ml černá,match,1,0,0,1,0
https://www.alza.cz/concept-vte7014-d6581521.htm,https://www.mall.cz/vinoteky-vitriny/concept-vte3012,CONCEPT VTE7014,Concept volně stojící termoelektrická vinotéka VTE3012,medium_nonmatch,0,0,0,0,0
https://www.alza.cz/dell-g5-15-gaming-5590?dq=6638376,https://www.mall.cz/notebooky/dell-g15-5511-cerna-n-g5511-n2-714k-100068796304?tab=parameters,Dell G5 15 Gaming (5511),"DELL G15 (5511), černá (N-G5511-N2-714K)",match,1,0,1,0,0
https://www.alza.cz/hp-elitebook-850-g5?dq=6750481,https://www.mall.cz/notebooky/hp-elitebook-855-g8-stribrna-48r65ea-100061551161?tab=parameters,"HP EliteBook 855 G8
 záruka 3 roky","HP EliteBook 855 G8, stříbrná (48R65EA)",close_nonmatch,0,0,0,1,0
https://www.alza.cz/audio-technica-ath-m20x-d1469836.htm,https://www.mall.cz/dratova-sluchatka/audiotechnica-ath-m30x,Audio-Technica ATH-M20x,Audio-Technica ATH-M30x,close_nonmatch,0,1,1,0,1
https://www.alza.cz/55-panasonic-tx-55jz1000e-d6490282.htm,https://www.mall.cz/televizory/panasonic-tx-55jz1500e,"55"" Panasonic TX-55JZ1000E",Panasonic TX-55JZ1500E,medium_nonmatch,0,0,0,0,0
https://www.alza.cz/dell-vostro-5370?dq=6403710,https://www.mall.cz/notebooky/dell-vostro-14-5415-seda-73g50-100061551320,Dell Vostro 3400,"DELL Vostro 14 (5415), šedá (73G50)",medium_nonmatch,0,0,0,1,0
https://www.alza.cz/intezze-zero-basic-d6277386.htm,https://www.mall.cz/sluchatka-usi/intezze-zero-basic-cerna,Intezze ZERO Basic Black,"Intezze ZERO Basic, černá",match,1,1,1,1,1
https://www.alza.cz/dell-vostro-5370?dq=6403713,https://www.mall.cz/notebooky/dell-vostro-15-3500-cerna-j3f8c-100059246810,Dell Vostro 3500,"DELL Vostro 15 (3500), černá (J3F8C)",close_nonmatch,0,0,1,0,0
https://www.alza.cz/sportdakine-network-26l-hoxton-d5779781.htm,https://www.mall.cz/batohy/dakine-network-26l-carbonii-10002050-w20-network-26l-carbonii-100018629749,Dakine Network 26L Hoxton,"Dakine NETWORK 26L | CARBONII, 10002050-W20 | NETWORK 26L | CARBONII",match,1,1,1,0,1
https://www.alza.cz/55-hitachi-55hk6300-d6869314.htm,https://www.mall.cz/televizory/hitachi-55hk6100,"55"" HITACHI 55HK6300",Hitachi 55HK6100,close_nonmatch,0,0,0,0,0
https://www.alza.cz/dell-vostro-5581?dq=6911955,https://www.mall.cz/notebooky/dell-vostro-14-5410-seda-4nm81-100069151253,Dell Vostro 5510,"DELL Vostro 14 (5410), šedá (4NM81)",medium_nonmatch,0,0,1,0,0
https://www.alza.cz/samsung-ww70ta046ae-le-d6166533.htm,https://www.mall.cz/pracky-predni-plneni/samsung-ww90ta046aele,"SAMSUNG WW70TA046AE/LE
+ 10 let záruka na motor",Samsung parní pračka WW90TA046AE/LE + 10 let záruka na motor + dárek set 2x ručník a 1x osuška B.E.S. Petrovice,medium_nonmatch,0,0,0,0,0
https://www.alza.cz/haylou-moripods-tws-pink-d6742911.htm,https://www.mall.cz/sluchatka-usi/haylou-gt1-plus-tws-bezdratove-sluchatka-cerne-100052284091,Haylou MoriPods TWS Pink,"HAYLOU GT1 Plus TWS bezdrátové sluchátka, černé",medium_nonmatch,0,0,0,0,0
https://www.alza.cz/55-sony-bravia-kd-55x81j-d6364472.htm,https://www.mall.cz/televizory/sony-kd-55x80j,"55"" Sony Bravia KD-55X81J",Sony KD-55X80J,close_nonmatch,0,0,1,0,0
https://www.alza.cz/gorenje-bop737e20xg-pyroclean-d6743843.htm,https://www.mall.cz/vestavne-trouby/gorenje-bo747a33wg,GORENJE BOP737E20XG PyroClean,Gorenje vestavná trouba BO747A33WG,medium_nonmatch,0,0,0,0,0
https://www.alza.cz/lenovo-v15-iil-iron-grey-d5781513.htm,https://www.mall.cz/notebooky/lenovo-v14-iil-82c401c4ck,Lenovo V15-IIL Iron Grey,Lenovo V14-IIL (82C401C4CK),medium_nonmatch,0,0,0,0,0
https://www.alza.cz/iphone-12-mini-64gb-zelena-d6216453.htm,https://www.mall.cz/iphone-12/apple-iphone-12-128gb-black,iPhone 12 Mini 64GB zelená,"Apple iPhone 12, 128GB, Black",medium_nonmatch,0,0,0,0,0
https://www.alza.cz/hobbybosch-psm-200-aes-d4576013.htm,https://www.mall.cz/vibracni-brusky/bosch-psm-200-aes,BOSCH PSM 200 AES,Bosch multibruska PSM 200 AES 06033B6020,match,1,0,1,1,1
https://www.alza.cz/55-gogen-tvu-55l752-gweb-d6523875.htm,https://www.mall.cz/televizory/gogen-tvu-50l752-gweb,"55"" Gogen TVU 55L752 GWEB",GoGEN TVU 50L752 GWEB,close_nonmatch,0,0,0,0,0
https://www.alza.cz/dell-latitude-5490?dq=6342952,https://www.mall.cz/notebooky/dell-inspiron-14-n-7400-n2-511s,Dell Inspiron 14 (7400) Silver,DELL Inspiron 14 (N-7400-N2-511S),close_nonmatch,0,0,0,0,0
https://www.alza.cz/whirlpool-adn-adn-203-2-d2276009.htm,https://www.mall.cz/suplikove-mrazaky/whirlpool-uw8-f2c-xbi-n-2,WHIRLPOOL ADN 203/2,Whirlpool mraznička UW8 F2C XBI N 2,medium_nonmatch,0,0,0,0,0
https://www.alza.cz/crystal-bohemia-misa-na-noze-samurai-290mm-d6702073.htm,https://www.mall.cz/tacy-podnosy/bohemia-crystal-bohemia-crystal-misa-na-noze-casablanca-245mm-100055991362,Crystal Bohemia mísa na noze Samurai 290mm,Bohemia Crystal Bohemia Crystal Mísa na noze Casablanca 245mm,medium_nonmatch,0,0,0,0,0
https://www.alza.cz/cata-tf-2003-700-duralum-d5462749.htm,https://www.mall.cz/odsavace-par/cata-tf-2003-600-bile-sklo,CATA TF 2003 700 DurAlum,CATA TF 2003 600 Bílé sklo výsuvná digestoř,close_nonmatch,0,0,0,0,0
https://www.alza.cz/hobbypridavne-police-80-x-10-x-1-5-cm-drevotriska?dq=6682975,https://www.mall.cz/police/shumee-pridavne-police-4-ks-sede-80-x-10-x-1-5-cm-drevotriska-100050197833?src=sug&s=P%C5%99%C3%ADdavn%C3%A9%20police%204%20ks%20%C5%A1ed%C3%A9%2080%20x%2010%20x%201%2C5%20cm%20,"Přídavné police 4 ks šedé 80 x 10 x 1,5 cm dřevotříska 805286","shumee Přídavné police 4 ks šedé 80 x 10 x 1,5 cm dřevotříska",match,1,1,1,1,1
https://www.alza.cz/sportkrimcode-smart-casual-11-cerna-d6619975.htm,https://www.mall.cz/batohy/krimcode-batoh-krimcode-smart-casual-11-cerna-100054840335?src=sug&s=KRIMCODE%20Smart%20Casual%2011%2C%20%C4%8Dern%C3%A1,"KRIMCODE Smart Casual 11, černá",KRIMCODE Batoh KRIMCODE Smart Casual 11 - černá,match,1,1,1,1,1
https://www.alza.cz/nacon-rig-400hx-cerna-d6438716.htm,https://www.mall.cz/herni-prislusenstvi/nacon-rig-400h-cerna-rig400hx,Nacon RIG 400HX Black,"Nacon RIG 400H, černá (RIG400HX)",match,1,0,1,1,1
https://www.alza.cz/hobbyvavex-tapeta-jf2401-d6634170.htm,https://www.mall.cz/dekorace-tapety-zed/vavex-vliesova-tapeta-imitace-bambusu-jf2401-botanica-geometry-vavex-100036174566,VAVEX tapeta JF2401,"Vavex Vliesová tapeta Imitace bambusu JF2401, Botanica, Geometry, Vavex",match,1,1,0,0,0
https://www.alza.cz/gorenje-nrk6192axl4-d6454045.htm,https://www.mall.cz/volne-stojici-lednicky/gorenje-nrk6202axl4,"GORENJE NRK6192AXL4
+ 15 let záruka na kompresor po registraci",Gorenje lednice NRK6202AXL4,close_nonmatch,0,0,0,0,0
https://www.alza.cz/65-lg-65nano79p-d6750932.htm,https://www.mall.cz/televizory/lg-65nano753pr,"65"" LG 65NANO79P",LG 65NANO75,medium_nonmatch,0,0,0,0,0
https://www.alza.cz/65-lg-65up7700-d6409468.htm,https://www.mall.cz/televizory/lg-70up7700,"65"" LG 65UP7700",LG 70UP7700,close_nonmatch,0,0,0,0,0
https://www.alza.cz/smoot-air-light-gu10-d6849195.htm,https://www.mall.cz/smart-domacnost/smoot-air-light-e27-chytra-zarovka-e27-100060095671?src=sug&s=https%3A%2F%2Fwww.alza.cz%2Fsmoot-air-light-gu10-d6849195.htm%09%09%09,Smoot Air Light GU10,Smoot Air Light E27 chytrá žárovka E27,close_nonmatch,0,0,0,0,0
https://www.alza.cz/gogen-tws-buddies-bila-d5871898.htm,https://www.mall.cz/true-wireless-sluchatka/gogen-tws-buddy,Gogen TWS BUDDIES bílá,GoGEN TWS Buddy,close_nonmatch,0,0,0,0,0
https://www.alza.cz/philips-tah6506bk-d6449244.htm,https://www.mall.cz/sluchatka/philips-tah6206,Philips TAH6506BK,Philips TAH6206,close_nonmatch,0,0,0,0,0
https://www.alza.cz/pribornik-sedy-60-x-30-x-75-cm-drevotriska-d6501215.htm,https://www.mall.cz/skrine/shumee-pribornik-sedy-60-x-30-x-75-cm-drevotriska-100019162808,Příborník šedý 60 x 30 x 75 cm dřevotříska,shumee Příborník šedý 60 x 30 x 75 cm dřevotříska,match,1,1,1,1,1
https://www.alza.cz/petroyal-canin-jack-russel-puppy-1-5-kg-d5715400.htm,https://www.mall.cz/granule-psi/royal-canin-cavalier-king-charles-puppy-1-5-kg,"Royal Canin Jack Russel Puppy 1,5 kg","Royal Canin Cavalier King Charles Puppy 1,5 kg",medium_nonmatch,0,0,0,0,0
https://www.alza.cz/samsung-galaxy-a52?dq=6333184,https://www.mall.cz/mobilni-telefony/samsung-galaxy-a52-8gb256gb-black,Samsung Galaxy A52 fialová,"Samsung Galaxy A52, 8GB/256GB, Black + antivirová ochrana ZDARMA!",close_nonmatch,0,0,0,0,0
https://www.alza.cz/55-jvc-lt-55vu6105-d6757153.htm,https://www.mall.cz/televizory/jvc-lt-58vu3105,"55"" JVC LT-55VU6105",JVC LT-58VU3105,medium_nonmatch,0,0,0,0,0
https://www.alza.cz/iphone-12?dq=6453776,https://www.mall.cz/mobilni-telefony/apple-iphone-12-64gb-purple,iPhone 12 64GB fialová,"Apple iPhone 12, 64GB, Purple",match,1,0,0,1,0
https://www.alza.cz/hobby10dilna-zahradni-souprava-zelene-impregnovane-borove-drevo-3068091-d6759316.htm,https://www.mall.cz/sety-nabytek/shumee-10dilna-zahradni-souprava-zelene-impregnovane-borove-drevo-100059184706,10dílná zahradní souprava zeleně impregnované borové dřevo 3068091,shumee 10dílná zahradní souprava zeleně impregnované borové dřevo,match,1,1,1,1,1
https://www.alza.cz/hobbynapinaky-na-drateny-plot-25-ks-100-mm-ocel-stribrne-d6764213.htm,https://www.mall.cz/prislusenstvi-gabiony/shumee-napinaky-na-drateny-plot-3-ks-100-mm-ocel-stribrne-100040255165,Napínáky na drátěný plot 25 ks 100 mm ocel stříbrné,shumee Napínáky na drátěný plot 3 ks 100 mm ocel stříbrné,medium_nonmatch,0,0,0,0,0
https://www.alza.cz/umax-visionbook-12wr-tab-d6384465.htm,https://www.mall.cz/notebooky/umax-visionbook-n15r-pro-umm230156?src=sug&s=umax%20,Umax VisionBook 12Wr Tab,Umax VisionBook N15R Pro (UMM230156),medium_nonmatch,0,0,0,0,0
https://www.alza.cz/termoska-plechovka-ner-0-7-l-motyl-d6191354.htm,https://www.mall.cz/termosky/orion-nk-termoska-plechovka-ner-07-l-motyl?src=sug&s=Termoska-plechovka%20ner.%200%2C7%20l%20MOTÝL,"ORION Termoska-plechovka ner. 0,7 l MOTÝL","Orion Termoska-plechovka ner. 0,7 l MOTÝL",match,1,1,1,1,1
https://www.alza.cz/acer-swift-1?dq=6805018,https://www.mall.cz/notebooky/acer-swift-1-sf114-34-zlata-nx-a7bec-001-100066868018,Acer Swift 1 Safari Gold celokovový,"Acer Swift 1 (SF114-34), zlatá (NX.A7BEC.001)",close_nonmatch,0,1,1,0,1
https://www.alza.cz/65-jvc-lt-65vaq8135-d6631092.htm,https://www.mall.cz/televizory/jvc-lt-50vaq6135,"65"" JVC LT-65VAQ8135",JVC LT-50VAQ6135,medium_nonmatch,0,0,0,0,0
https://www.alza.cz/aligator-r40-extremo?dq=6198980,https://www.mall.cz/mobilni-telefony/aligator-r40-extremo-blackyellow,Aligator R40 eXtremo žlutý,"Aligator R40 eXtremo, black/yellow",match,1,1,1,0,1
https://www.alza.cz/75-samsung-ue75au7102-d6371548.htm,https://www.mall.cz/televizory/samsung-ue75au7172u,"75"" Samsung UE75AU7102",Samsung UE75AU7172U,close_nonmatch,0,0,0,0,0
https://www.alza.cz/hobby12dilna-zahradni-sedaci-souprava-zelene-impregnovana-borovice-3068107-d6759327.htm,https://www.mall.cz/sety-nabytek/shumee-12dilna-zahradni-sedaci-souprava-zelene-impregnovana-borovice-100059184713,12dílná zahradní sedací souprava zeleně impregnovaná borovice 3068107,shumee 12dílná zahradní sedací souprava zeleně impregnovaná borovice,match,1,1,1,0,1
https://www.alza.cz/hobbypodusky-na-zidle-4-ks-40-x-40-x-7-cm-zelene-d6763077.htm,https://www.mall.cz/prislusenstvi-zidle/greatstore-podusky-na-zidle-6-ks-bezove-50-x-50-x-7-cm-textil-100073302234,Podušky na židle 4 ks 40 x 40 x 7 cm zelené,Greatstore Podušky na židle 6 ks béžové 50 x 50 x 7 cm textil,medium_nonmatch,0,0,0,0,0
https://www.alza.cz/petversele-laga-nature-degu-pro-osmaky-degu-2-3-kg-d6562415.htm,https://www.mall.cz/krmivo-hlodavci/verselelaga-nature-degu-pro-osmaky-degu-23-kg,"Versele Laga Nature Degu pro osmáky degu 2,3 kg","Versele Laga Nature Degu - pro osmáky degu 2,3 kg",match,1,0,1,0,0
https://www.alza.cz/hobbybavlneny-prehoz-s-pruhy-160-210-cm-ruzovo-bily-d6719182.htm,https://www.mall.cz/prikryvky-periny/greatstore-bavlneny-prehoz-s-pruhy-125-x-150-cm-ruzovo-bily-100073289019,Bavlněná deka s pruhy 160 × 210 cm růžovo-bílá,Greatstore Bavlněný přehoz s pruhy 125 x 150 cm růžovo-bílý,medium_nonmatch,0,0,0,0,0
https://www.alza.cz/50-samsung-qe50qn90a-d6366905.htm,https://www.mall.cz/televizory/samsung-qe55qn90a,"50"" Samsung QE50QN90A",Samsung QE55QN90A,close_nonmatch,0,0,0,0,0
https://www.alza.cz/sony-mdr-zx310-cerna-d1481418.htm,https://www.mall.cz/dratova-sluchatka/sony-mdr-zx110b-black,Sony MDR-ZX310 černá,Sony MDR-ZX110B sluchátka (Black),medium_nonmatch,0,0,0,0,0
https://www.alza.cz/samsung-rf24r7201sr-ef-d5761027.htm,https://www.mall.cz/americke-chladnicky/samsung-rf24r7201sref,"SAMSUNG RF24R7201SR/EF
 + 10 let záruka na kompresor",Samsung americká lednička RF24R7201SR/EF + 10 let záruka na kompresor,match,1,0,1,0,0
https://www.alza.cz/65-sony-bravia-xr-65a80j-d6364484.htm,https://www.mall.cz/televizory/sony-xr-65a80j,"65"" Sony Bravia OLED XR-65A80J",Sony XR-65A80J,match,1,0,1,0,0
https://www.alza.cz/65-chiq-u65g7u-d6740815.htm,https://www.mall.cz/televizory/chiq-u65h7s,"65"" CHiQ U65G7U",CHiQ U65H7S,close_nonmatch,0,0,0,0,0
https://www.alza.cz/dell-vostro-5370?dq=6403712,https://www.mall.cz/notebooky/dell-vostro-14-3400-cerna-gjknf-100061550593?src=sug&s=DELL%20Vostro%2014,Dell Vostro 3500,"DELL Vostro 14 (3400), černá (GJKNF)",medium_nonmatch,0,1,0,0,0
https://www.alza.cz/myphone-hammer-explorer-pro-oranzova-d6482006.htm,https://www.mall.cz/mobilni-telefony/myphone-hammer-explorer-pro-6gb128gb-orange,myPhone Hammer Explorer Pro oranžová,"myPhone Hammer Explorer Pro, 6GB/128GB, Orange",match,1,1,1,0,1
https://www.alza.cz/kava-praha-lavazza-qualita-rossa-1000g-zrnkova-d2898745.htm,https://www.mall.cz/potraviny-napoje-napoje/lavazza-qualita-rossa-zrnkova-kava-1-kg-100022189208,"Lavazza Qualita Rossa, zrnková, 1000g",Lavazza Qualita Rossa zrnková káva 1 kg,match,1,0,1,1,1
https://www.alza.cz/logitech-g635-d5560207.htm,https://www.mall.cz/herni-prislusenstvi/logitech-g435-cerna-981-001050,Logitech G635,"Logitech G435, černá (981-001050)",medium_nonmatch,0,0,0,0,0
https://www.alza.cz/chiq-fbm317nei32-d6524114.htm,https://www.mall.cz/chladnicky/chiq-fbm205l42-12-let-zaruka-na-kompresor-bez-registrace-100059175274,"CHiQ FBM317NEI32
+ 12 let záruka na kompresor (bez registrace)",CHiQ FBM205L42 + 12 let záruka na kompresor (bez registrace),medium_nonmatch,0,0,0,0,0
https://www.alza.cz/snaige-rf56sm-s5ci2f-d6393990.htm,https://www.mall.cz/volne-stojici-lednicky/snaige-kombinovana-chladnicka-rf53sm-s5dp2f-5-let-prodlouzena-zaruka-po-registraci-100048423064,"SNAIGE RF56SM-S5CI2F
+ 5 let záruka po registraci",Snaige kombinovaná chladnička RF53SM-S5DP2F + 5 let prodloužená záruka po registraci,medium_nonmatch,0,0,0,1,0
https://www.alza.cz/sportferrino-mizar-18-blue-d6199243.htm,https://www.mall.cz/batohy/ferrino-x-ride-10,Ferrino Mizar 18 blue,Ferrino X-Ride 10,medium_nonmatch,0,0,0,0,0
https://www.alza.cz/aeg-mastery-rcb646e3mb-d5864840.htm,https://www.mall.cz/volne-stojici-lednicky/aeg-mastery-rcb646e3mb,"AEG Mastery RCB646E3MB
- 10 let záruka na motor po registraci",AEG lednice Mastery RCB646E3MB,match,1,0,1,0,0
https://www.alza.cz/jabra-evolve2-75-ms-stereo-usb-c-black-d6868075.htm,https://www.mall.cz/herni-prislusenstvi/jabra-evolve-75-duo-usb-bt-ms,Jabra Evolve2 75 MS Stereo USB-C Black,"Jabra Evolve 75, Duo, USB-BT, MS",close_nonmatch,0,0,0,1,0
https://www.alza.cz/samsung-galaxy-a52?dq=6333184,https://www.mall.cz/mobilni-telefony/samsung-galaxy-a52-6gb128gb-lavender,Samsung Galaxy A52 fialová,"Samsung Galaxy A52, 6GB/128GB, Lavender + antivirová ochrana ZDARMA!",match,1,0,1,0,0
https://www.alza.cz/55-hitachi-55hk6300-d6869314.htm,https://www.mall.cz/televizory/hitachi-50hk5305,"55"" HITACHI 55HK6300",Hitachi 50HK5305,medium_nonmatch,0,0,0,0,0
https://www.alza.cz/24-sencor-sle-2472tcs-d6658529.htm,https://www.mall.cz/televizory/sencor-sle-2471tcs,"24"" Sencor SLE 2472TCS",SENCOR SLE 2471TCS,close_nonmatch,0,0,0,0,0
https://www.alza.cz/sportyate-brisi-30-cerna-d6554917.htm,https://www.mall.cz/damske-znackove-tasky-kabelky/yate-yate-brisi-25l-modra-100074109786?src=sug&s=Yate%20batoh,Yate BRISI 30 černá,Yate YATE Brisi 25l modrá,close_nonmatch,0,0,0,0,0
https://www.alza.cz/65-lg-65up7700-d6409468.htm,https://www.mall.cz/televizory/lg-65up7500,"65"" LG 65UP7700",LG 65UP7500,medium_nonmatch,0,0,0,1,0
https://www.alza.cz/gorenje-nrk6202exl4-d6410992.htm,https://www.mall.cz/volne-stojici-lednicky/gorenje-nrk6202exl4,"GORENJE NRK6202EXL4
+ 15 let záruka na kompresor po registraci",Gorenje kombinovaná chladnička NRK6202EXL4,match,1,0,1,1,1
https://www.alza.cz/gogen-tws-buddies-bila-d5871898.htm,https://www.mall.cz/true-wireless-sluchatka/gogen-tws-buddies-cerna,Gogen TWS BUDDIES bílá,"GoGEN TWS BUDDIES, černá",match,1,0,0,0,0
https://www.alza.cz/intezze-zero-basic-d6277386.htm,https://www.mall.cz/true-wireless-sluchatka/intezze-evo-cerna,Intezze ZERO Basic Black,"Intezze EVO, matně černá",medium_nonmatch,0,0,0,1,0
https://www.alza.cz/orion-uterka-kuch-bavlna-dot-gifty-3-ks-cervena-d6529791.htm,https://www.mall.cz/uterky/orion-kuchynska-uterka-bavlna-tecka-3-ks-1?src=sug&s=Orion%20Utěrka%20bavlna%20,ORION Utěrka kuch. bavlna DOT GIFTY 3 ks červená,Orion Kuchyňská utěrka bavlna TEČKA 3 ks,medium_nonmatch,0,0,0,0,0
https://www.alza.cz/petsuper-benek-compact-citrus-freshness-25-l-d5807309.htm,https://www.mall.cz/steliva-kocky/super-benek-compact-25-l-100031069251,Super Benek Compact Citrus Freshness 25 l,Super Benek Compact 25 l,close_nonmatch,0,0,1,1,1
https://www.alza.cz/dell-vostro-5370?dq=6403712,https://www.mall.cz/notebooky/dell-vostro-15-3500-cerna-5hpdk-100067302034,Dell Vostro 3500,"DELL Vostro 15 (3500), černá (5HPDK)",match,1,0,1,0,0
https://www.alza.cz/electrolux-lnt4tf33x1-d6129120.htm,https://www.mall.cz/volne-stojici-lednicky/electrolux-lnt5mf36u0,ELECTROLUX LNT4TF33X1,Electrolux lednice s mrazákem LNT5MF36U0,medium_nonmatch,0,0,0,0,0
https://www.alza.cz/miele-kfn-7774-d-d6674555.htm,https://www.mall.cz/volne-stojici-lednicky/miele-kfn-28132-d-bila,MIELE KFN 7774 D,Miele KFN 28132 D bílá,medium_nonmatch,0,0,0,0,0
https://www.alza.cz/acer-swift-x-steal-gray-celokovovy-d6805026.htm,https://www.mall.cz/notebooky/acer-swift-3-sf316-51-seda-nx-abdec-00a-100070368995,Acer Swift X Steal Gray celokovový,"Acer Swift 3 (SF316-51), šedá (NX.ABDEC.00A)",medium_nonmatch,0,0,0,0,0
https://www.alza.cz/77-lg-oled77b1-d6409484.htm,https://www.mall.cz/televizory/lg-oled77b1,"77"" LG OLED77B1",LG OLED77B1,match,1,1,1,1,1
https://www.alza.cz/hobbystanley-zamecnicke-kladivo-din1041-200g-d4382641.htm,https://www.mall.cz/ostatni-rucni-naradi/stanley-kladivo-zamecnicke-300g-1-51-173-100012754838,Stanley Zámečnické kladivo DIN1041 200g,Stanley Kladivo zámečnické 300g 1-51-173,close_nonmatch,0,0,0,0,0
https://www.alza.cz/77-sony-bravia-xr-77a83j-d6364490.htm,https://www.mall.cz/televizory/sony-xr-77a83j,"77"" Sony Bravia OLED XR-77A83J",Sony XR-77A83J,match,1,1,1,1,1
https://www.alza.cz/iphone-12-64gb-modra-d6216438.htm,https://www.mall.cz/mobilni-telefony/apple-iphone-12-64gb-blue,iPhone 12 64GB modrá,"Apple iPhone 12, 64GB, Blue",match,1,1,1,0,1
https://www.alza.cz/liebherr-ctel-2131-d5612026.htm,https://www.mall.cz/volne-stojici-chladnicky-mrazak-nahore/candy-cmdds-5144shn,"LIEBHERR CTel 2131
+ 10 let záruka na kompresor po registraci + 3 roky servisu po registraci",Candy lednice s mrazákem CMDDS 5144SHN,medium_nonmatch,0,0,0,0,0
https://www.alza.cz/thomson-whp3001-d1481654.htm,https://www.mall.cz/sluchatka/thomson-whp6007-cerna,Thomson WHP3001,"Thomson WHP6007, černá",close_nonmatch,0,0,0,0,0
https://www.alza.cz/hobby9dilny-zahradni-jidelni-set-polyratan-cerny-3059481-d6761028.htm,https://www.mall.cz/sety-nabytek/shumee-9dilny-zahradni-jidelni-set-polyratan-cerny-100059184103,9dílný zahradní jídelní set polyratan černý 3059481,shumee 9dílný zahradní jídelní set polyratan černý,match,1,1,1,1,1
https://www.alza.cz/hobbyrichter-czech-rn-75l-0-ce-d5807845.htm,https://www.mall.cz/domovni-cisla/richter-rn95l6n,Richter Czech RN.75L.0.CE,Richter Czech RN.95L.6.N,medium_nonmatch,0,0,0,0,0
https://www.alza.cz/hobbyzimni-prikryvka-2-ks-140-200-cm-d6717651.htm,https://www.mall.cz/polstare-prikryvky/petromila-zimni-perova-prikryvka-2-ks-150-x-200-cm-100059281034,Zimní přikrývka 2 ks 140 × 200 cm,Petromila Zimní péřová přikrývka 2 ks 150 x 200 cm,medium_nonmatch,0,0,0,0,0
https://www.alza.cz/banquet-living-5-2-l-d5705526.htm,https://www.mall.cz/hrnce/banquet-hrnec-nerezovy-living-72-l,"BANQUET LIVING 5,2 l","Banquet Hrnec nerezový LIVING 7,2 l",close_nonmatch,0,0,0,0,0
https://www.alza.cz/hobby5dilny-zahradni-jidelni-set-hnedy-3067727-d6678750.htm,https://www.mall.cz/sety-nabytek/shumee-5dilny-zahradni-jidelni-set-hnedy-100059184929,5dílný zahradní jídelní set hnědý 3067727,shumee 5dílný zahradní jídelní set hnědý,medium_nonmatch,0,1,1,1,1
https://www.alza.cz/hobbysenna-baby-classic-perinka-135200-cm-d5851750.htm,https://www.mall.cz/detske-prikryvky-polstare/sennababy-perinka-a-polstarek-classic,Senna Baby CLASSIC Peřinka 135×200 cm,Senna Baby Přikrývka 100x135cm polštářek 40x60cm CLASSIC,close_nonmatch,0,0,0,0,0
https://www.alza.cz/philips-tah6506bk-d6449244.htm,https://www.mall.cz/sluchatka-bez-mikrofonu/philips-tah6005-cerna,Philips TAH6506BK,"Philips TAH6005, černá",medium_nonmatch,0,0,0,0,0
https://www.alza.cz/maxcom-classic-mm139?dq=5840286,https://www.mall.cz/mobilni-telefony/maxcom-mm-111,Maxcom Classic MM139 žlutá,MaxCom MM 111,medium_nonmatch,0,0,0,0,0
https://www.alza.cz/sporteastpak-padded-pakr-chilly-blue-d6101314.htm,https://www.mall.cz/batohy/eastpak-cestovni-batoh-cerny-sede-zipy-100013824367?src=sug&s=Eastpak%20Padded,Eastpak Padded Pak'R Chilly Blue,"Eastpak Cestovní batoh , Černý, šedé zipy",medium_nonmatch,0,0,0,0,0
https://www.alza.cz/samsung-rb36t675cww-ef-d6198435.htm,https://www.mall.cz/volne-stojici-lednicky/samsung-rb30j3215wwef,"SAMSUNG RB36T675CWW/EF
 + 10 let záruka na kompresor",Samsung lednice RB30J3215WW/EF + 10 let záruka na kompresor,medium_nonmatch,0,0,1,0,0
https://www.alza.cz/hobbypostel-s-matraci-zelena-textil-160x200-cm-d6499428.htm,https://www.mall.cz/loznice-nabytek/shumee-postel-s-matraci-zelena-textil-160-x-200-cm-100019151424,Postel s matrací zelená textil 160x200 cm,shumee Postel s matrací zelená textil 160 x 200 cm,match,1,1,1,1,1
https://www.alza.cz/43-hisense-43a7gq-d6884332.htm,https://www.mall.cz/televizory/hisense-43a7gq-3260586,"43"" Hisense 43A7GQ",Hisense 43A7GQ,match,1,1,1,1,1
https://www.alza.cz/43-thomson-43ug6300-d6150788.htm,https://www.mall.cz/televizory/thomson-43ug6400,"43"" Thomson 43UG6300",Thomson 43UG6400,close_nonmatch,0,0,0,0,0
https://www.alza.cz/sportosprey-tempest-30-iii-aluminum-grey-wm-wl-d6744307.htm,https://www.mall.cz/damske-znackove-tasky-kabelky/osprey-tempest-24-iii-aluminum-grey-wm-wl-100067155289,Osprey Tempest 30 III aluminum grey WM/WL,Osprey TEMPEST 24 III Aluminum Grey WM/WL,close_nonmatch,0,0,0,0,0
https://www.alza.cz/concept-sr3300-d6870370.htm,https://www.mall.cz/rucni-slehace/concept-sr3300,CONCEPT SR3300,Concept ruční šlehač s tyčovým nástavcem SR3300,match,1,0,1,0,0
https://www.alza.cz/55-lg-55up7500-d6409458.htm,https://www.mall.cz/televizory/lg-50up7700,"55"" LG 55UP7500",LG 50UP7700,medium_nonmatch,0,0,0,0,0
https://www.alza.cz/55-metz-55muc7000z-d6378709.htm,https://www.mall.cz/televizory/metz-55muc7000z,"55"" Metz 55MUC7000Z",Metz 55MUC7000Z,match,1,1,1,1,1
https://www.alza.cz/hobbyextol-premium-8892120-d6469536.htm,https://www.mall.cz/excentricke-brusky/extol-premium-8892120-bg-52l-100042044343,EXTOL PREMIUM 8892120,Extol Premium (8892120) BG 52L,match,1,1,0,0,0
https://www.alza.cz/petroyal-canin-hair-and-skin-care-4-kg-d5637237.htm,https://www.mall.cz/granule-kocky/royalcanin-hair-skin-4-kg,Royal Canin Hair And Skin Care 4 kg,Royal Canin Hair And Skin Care 4 kg,match,1,0,1,1,1
https://www.alza.cz/iphone-12?dq=6453776,https://www.mall.cz/mobilni-telefony/apple-iphone-11-128gb-black,iPhone 12 64GB fialová,"Apple iPhone 11, 128GB, Black",medium_nonmatch,0,0,0,0,0
https://www.alza.cz/acer-aspire-5?dq=6923786,https://www.mall.cz/notebooky/acer-aspire-3-nxhzrec002,Acer Aspire 5 Pure Silver kovový,Acer Aspire 3 (NX.HZREC.002),medium_nonmatch,0,0,0,0,0
https://www.alza.cz/xbox-one-stereo-headset-d2121310.htm,https://www.mall.cz/herni-prislusenstvi/microsoft-xbox-one-stereo-headset,Xbox One Stereo Headset,Microsoft Xbox One Stereo Headset,match,1,1,1,1,1
https://www.alza.cz/concept-vte7014-d6581521.htm,https://www.mall.cz/vinoteky-vitriny/concept-vte7015,CONCEPT VTE7014,Concept volně stojící termoelektrická vinotéka VTE7015,close_nonmatch,0,0,0,0,0
https://www.alza.cz/hobbyrichter-czech-ts-24-b-d5031876.htm,https://www.mall.cz/trezory-sejfy/richter-schranka-na-klice-ts24b,Richter Czech TS.24.B,Richter Czech TS.24.B,match,1,1,1,1,1
https://www.alza.cz/hobbymasazni-polohovaci-kreslo-svetle-sede-textil-d6744034.htm,https://www.mall.cz/kresla-usak/shumee-masazni-polohovaci-kreslo-svetle-sede-textil-100040255599,Masážní polohovací křeslo světle šedé textil,shumee Masážní polohovací křeslo světle šedé textil,match,1,1,1,1,1
https://www.alza.cz/jabra-elite-45h-modre-d5842937.htm,https://www.mall.cz/sluchatka/jabra-elite-45h-modra,Jabra Elite 45h modré,"Jabra Elite 45h, modrá",match,1,1,1,1,1
https://www.alza.cz/50-samsung-ue50au8002-d6371539.htm,https://www.mall.cz/televizory/samsung-ue43au8072u,"50"" Samsung UE50AU8002",Samsung UE43AU8072U,medium_nonmatch,0,0,0,0,0
https://www.alza.cz/beko-csa270k30xpn-d5854413.htm,https://www.mall.cz/volne-stojici-lednicky/beko-csa270k30xpn,BEKO CSA270K30XPN,Beko lednice CSA270K30XPN,match,1,1,1,1,1
https://www.alza.cz/hp-probook-x360-435-g8-d6861325.htm,https://www.mall.cz/notebooky/hp-probook-x360-435-g8-stribrna-45r04es-100061551262,HP ProBook x360 435 G8,"HP ProBook x360 435 G8, stříbrná (45R04ES)",match,1,0,1,0,0
https://www.alza.cz/gogen-tws-buddies-bila-d5871898.htm,https://www.mall.cz/true-wireless-sluchatka/gogen-tws-bro-cerna,Gogen TWS BUDDIES bílá,"GoGEN TWS BRO, černá",medium_nonmatch,0,0,0,0,0
https://www.alza.cz/hp-15-da?dq=6150952,https://www.mall.cz/notebooky/hp-15s-eq1009nc-1r7f2ea,HP 15s-fq1901nc Natural Silver,HP 15s-eq1009nc (1R7F2EA),medium_nonmatch,0,0,0,0,0
https://www.alza.cz/petkarlie-flamingo-frisbee-13cm-d5593035.htm,https://www.mall.cz/hracky-psy/karlie-frisbee-pro-psy-gumove-100060920588,Karlie frisbee 13cm,Karlie Frisbee pro psy - gumové,medium_nonmatch,0,0,1,1,1
https://www.alza.cz/65-lg-65nano79p-d6750932.htm,https://www.mall.cz/televizory/lg-65nano80p,"65"" LG 65NANO79P",LG 65NANO80P,close_nonmatch,0,0,1,0,0
https://www.alza.cz/petroyal-canin-medium-puppy-15-kg-d5637269.htm,https://www.mall.cz/granule-psi/royalcanin-medium-junior-15-kg,Royal Canin Medium Puppy 15 kg,Royal Canin Medium Puppy 15 kg,match,1,1,1,1,1
https://www.alza.cz/hobbygrund-colani-2-koupelnova-wc-predlozka?dq=6316532,https://www.mall.cz/koupelnove-predlozky/luxusni-designova-ceska-koupelnova-predlozka-colani-18-80x150-cm-hneda-100051399822,"GRUND Colani 2 Koupelnová předložka 60x100 cm, antracitová","Colani Luxusní designová česká koupelnová předložka, Colani 18 80x150 cm, hnědá",medium_nonmatch,0,0,0,0,0
https://www.alza.cz/intezze-cliq-black-d6658541.htm,https://www.mall.cz/true-wireless-sluchatka/intezze-evo-cerna,Intezze CLIQ black,"Intezze EVO, matně černá",medium_nonmatch,0,0,0,0,0
https://www.alza.cz/eglo-93452-venkovni-lampa-navedo-e27-60w-230v-ip44-d6398039.htm,https://www.mall.cz/zahradni-svitidla/eglo-eglo-svitidlo-venkovni-stojaci-93452-100005823482?src=sug&s=Eglo%2093452%20VenKovn%C3%AD%20lampa%20NAVEDO%20E27%2F60W%2F230V%20IP44,Eglo 93452 VenKovní lampa NAVEDO E27/60W/230V IP44,Eglo EGLO Svítidlo venkovní stojací 93452,close_nonmatch,0,0,0,0,0
https://www.alza.cz/dell-vostro-5370?dq=6403710,https://www.mall.cz/notebooky/dell-vostro-14-3400-cerna-jkcf7-100059247139?tab=parameters,Dell Vostro 3400,"DELL Vostro 14 (3400), černá (JKCF7)",close_nonmatch,0,0,1,0,0
https://www.alza.cz/orion-uterka-kuch-bavlna-dot-gifty-3-ks-cervena-d6529791.htm,https://www.mall.cz/uterky/orion-nk-uterka-kuch-bavlna-heart-gifty-3-ks-ruzova?src=sug&s=Orion%20Utěrka%20bavlna%20,ORION Utěrka kuch. bavlna DOT GIFTY 3 ks červená,Orion Utěrka kuch. bavlna HEART GIFTY 3 ks růžová,close_nonmatch,0,0,0,0,0
https://www.alza.cz/vivo-y20s?dq=6321376,https://www.mall.cz/mobilni-telefony/vivo-y01-3gb-32gb-sapphire-blue,Vivo Y20s modrá,"VIVO Y01, 3GB/32GB, Sapphire Blue",medium_nonmatch,0,0,0,0,0
https://www.alza.cz/55-hisense-55a6g-d6511258.htm,https://www.mall.cz/televizory/hisense-55a76gq,"55"" Hisense 55A6G",Hisense 55A76GQ,medium_nonmatch,0,0,0,0,0
https://www.alza.cz/65-lg-65qned96-d6702250.htm,https://www.mall.cz/televizory/lg-65qned96,"65"" LG 65QNED96",LG 65QNED96,match,1,1,1,1,1
https://www.alza.cz/hp-14?dq=6770929,https://www.mall.cz/notebooky/hp-pavilion-x360-15-er0003nc-48v68ea,"HP Pavilion Aero 13-be0902nc Natural Silver
 3 roky záruka",HP Pavilion x360 15-er0003nc (48V68EA),medium_nonmatch,0,0,0,0,0
https://www.alza.cz/sportaffenzahn-elias-elephant-large-blue-uni-d6438550.htm,https://www.mall.cz/detske-batuzky/affenzahn-detsky-batoh-duck-large-yellow-100070774124,Affenzahn Elias Elephant large - Blue uni,Affenzahn Dětský batoh Duck large yellow,close_nonmatch,0,0,0,0,0
https://www.alza.cz/hobby4mistny-modularni-pouf-bezovy-textil-d6763141.htm,https://www.mall.cz/taburety-pufy/shumee-4mistny-modularni-pouf-bezovy-textil-100018338688,4místný modulární pouf béžový textil,shumee 4místný modulární pouf béžový textil,match,1,1,1,1,1
https://www.alza.cz/samsung-rb34t670eww-ef-d6198432.htm,https://www.mall.cz/volne-stojici-lednicky/samsung-rb34t670ewwef,"SAMSUNG RB34T670EWW/EF
 + 10 let záruka na kompresor",Samsung lednice RB34T670EWW/EF + 10 let záruka na kompresor,match,1,0,1,0,0
https://www.alza.cz/happy-plugs-air-1-go-nude-d5856436.htm,https://www.mall.cz/true-wireless-sluchatka/happy-plugs-air-1-zen-cerna-c,Happy Plugs Air 1 Go Nude,"Happy Plugs Air 1 Zen, černá - zánovní",medium_nonmatch,0,0,0,0,0
https://www.alza.cz/gorenje-bop737e20xg-pyroclean-d6743843.htm,https://www.mall.cz/true-wireless-sluchatka/honor-magic-earbuds-55032516-bile,GORENJE BOP737E20XG PyroClean,"Honor Magic Earbuds 55032516, bílé",distant_nonmatch,0,0,0,0,0
https://www.alza.cz/beko-csa270k30xpn-d5854413.htm,https://www.mall.cz/true-wireless-sluchatka/honor-magic-earbuds-55032516-bile,BEKO CSA270K30XPN,"Honor Magic Earbuds 55032516, bílé",distant_nonmatch,0,0,0,0,0
https://www.alza.cz/hobbypridavne-police-80-x-10-x-1-5-cm-drevotriska?dq=6682975,https://www.mall.cz/televizory/sencor-sle-2471tcs,"Přídavné police 4 ks šedé 80 x 10 x 1,5 cm dřevotříska 805286",SENCOR SLE 2471TCS,distant_nonmatch,0,0,0,0,0
https://www.alza.cz/whirlpool-art-9811-sf2-d6223487.htm,https://www.mall.cz/true-wireless-sluchatka/honor-magic-earbuds-55032516-bile,"WHIRLPOOL ART 9811 SF2
+ 5 let záruka na kompresor po registraci","Honor Magic Earbuds 55032516, bílé",distant_nonmatch,0,0,0,0,0
https://www.alza.cz/hobbykrt501005-oboustranny-klic-otevreny-14x15-175mm-d6775050.htm,https://www.mall.cz/vitriny-gastro/hendi-drzak-ubrousku-170x30x-h-70-mm-100068222042,KRT501005 - Oboustranný klíč otevřený 14x15 -175mm,Hendi Držák ubrousků - 170x30x(H)70 mm,distant_nonmatch,0,0,0,0,0
https://www.alza.cz/hobbyzatahovaci-bocni-markyza-zastena-na-terasu-100-x-500-cm-modra-d6490722.htm,https://www.mall.cz/vitriny-gastro/hendi-drzak-ubrousku-170x30x-h-70-mm-100068222042,Zatahovací boční markýza/zástěna na terasu 100 x 500 cm modrá,Hendi Držák ubrousků - 170x30x(H)70 mm,distant_nonmatch,0,0,0,0,0
https://www.alza.cz/koss-kph-7-zelena-24-mesicu-d2649273.htm,https://www.mall.cz/kvetinace/prosperplast-kvetinac-sandy-100051277373,Koss KPH/7 zelená (24 měsíců záruka),Prosperplast Květináč SANDY,distant_nonmatch,0,0,0,0,0
https://www.alza.cz/maxcom-classic-mm139?dq=5840286,https://www.mall.cz/granule-psi/wellcan-gold-puppy-mini-30-19-15kg-chicken-and-rice-kureci-maso-a-ryze-100022270229,Maxcom Classic MM139 žlutá,Wellcan Gold PUPPY MINI 30/19 15kg Chicken and Rice kuřecí maso a rýže,distant_nonmatch,0,0,0,0,0
https://www.alza.cz/hobby7dilny-zahradni-jidelni-set-plastovy-zeleny-275080-275080-d6452204.htm,https://www.mall.cz/vitriny-gastro/hendi-drzak-ubrousku-170x30x-h-70-mm-100068222042,7dílný zahradní jídelní set plastový zelený 275080 275080,Hendi Držák ubrousků - 170x30x(H)70 mm,distant_nonmatch,0,0,0,0,0
https://www.alza.cz/happy-plugs-air-1-go-nude-d5856436.htm,https://www.mall.cz/kvetinace/prosperplast-kvetinac-sandy-100051277373,Happy Plugs Air 1 Go Nude,Prosperplast Květináč SANDY,distant_nonmatch,0,0,0,0,0
https://www.alza.cz/55-panasonic-tx-55jx940e-d6490279.htm,https://www.mall.cz/krmivo-hlodavci/pochoutka-versele-laga-crock-complete-bylinky-50g-100053124870,"55"" Panasonic TX-55JX940E",Pochoutka VERSELE-LAGA Crock Complete bylinky (50g),distant_nonmatch,0,0,0,0,0
https://www.alza.cz/cpa-halo-11-pro-senior?dq=6218483,https://www.mall.cz/granule-psi/wellcan-gold-puppy-mini-30-19-15kg-chicken-and-rice-kureci-maso-a-ryze-100022270229,CPA Halo 11 Pro Senior modrá,Wellcan Gold PUPPY MINI 30/19 15kg Chicken and Rice kuřecí maso a rýže,distant_nonmatch,0,0,0,0,0
https://www.alza.cz/hp-14?dq=6770929,https://www.mall.cz/stoly/greatstore-konferencni-stolek-vyrezavana-dvirka-90x55x36cm-hruby-mangovnik-100074554700,"HP Pavilion Aero 13-be0902nc Natural Silver
 3 roky záruka",Greatstore Konferenční stolek vyřezávaná dvířka 90x55x36cm hrubý mangovník,distant_nonmatch,0,0,0,0,0
https://www.alza.cz/gogen-tws-buddies-bila-d5871898.htm,https://www.mall.cz/kvetinace/prosperplast-kvetinac-sandy-100051277373,Gogen TWS BUDDIES bílá,Prosperplast Květináč SANDY,distant_nonmatch,0,0,0,0,0
https://www.alza.cz/dell-g5-15-gaming-5590?dq=6638378,https://www.mall.cz/stoly/greatstore-konferencni-stolek-vyrezavana-dvirka-90x55x36cm-hruby-mangovnik-100074554700,Dell G5 15 Gaming (5511),Greatstore Konferenční stolek vyřezávaná dvířka 90x55x36cm hrubý mangovník,distant_nonmatch,0,0,0,0,0
https://www.alza.cz/hobbyfiskars-vidle-solid-kompostove-133433-d2920786.htm,https://www.mall.cz/vitriny-gastro/hendi-drzak-ubrousku-170x30x-h-70-mm-100068222042,Fiskars Vidle Solid kompostové,Hendi Držák ubrousků - 170x30x(H)70 mm,distant_nonmatch,0,0,0,0,0
https://www.alza.cz/honor-magic-earbuds-bila-d5813421.htm,https://www.mall.cz/kvetinace/prosperplast-kvetinac-sandy-100051277373,Honor Magic Earbuds bílá,Prosperplast Květináč SANDY,distant_nonmatch,0,1,1,0,1
https://www.alza.cz/alcatel-1066g-black-d5248497.htm,https://www.mall.cz/granule-psi/wellcan-gold-puppy-mini-30-19-15kg-chicken-and-rice-kureci-maso-a-ryze-100022270229,Alcatel 1066G Black,Wellcan Gold PUPPY MINI 30/19 15kg Chicken and Rice kuřecí maso a rýže,distant_nonmatch,0,0,0,0,0
https://www.alza.cz/lava-metal-litinovy-rendlik-16-cm-cerveny-d6232373.htm,https://www.mall.cz/true-wireless-sluchatka/honor-magic-earbuds-55032516-bile,LAVA METAL Litinový rendlík 16 cm - červený,"Honor Magic Earbuds 55032516, bílé",distant_nonmatch,0,0,0,0,0
https://www.alza.cz/24-gogen-tvh-24p452t-d6200830.htm,https://www.mall.cz/krmivo-hlodavci/pochoutka-versele-laga-crock-complete-bylinky-50g-100053124870,"24"" Gogen TVH 24P452T",Pochoutka VERSELE-LAGA Crock Complete bylinky (50g),distant_nonmatch,0,0,0,0,0
https://www.alza.cz/hobbygrund-colani-2-koupelnova-wc-predlozka?dq=6316532,https://www.mall.cz/televizory/sencor-sle-2471tcs,"GRUND Colani 2 Koupelnová předložka 60x100 cm, antracitová",SENCOR SLE 2471TCS,distant_nonmatch,0,0,0,0,0
https://www.alza.cz/liebherr-irde-5121-d6937637.htm,https://www.mall.cz/true-wireless-sluchatka/honor-magic-earbuds-55032516-bile,"LIEBHERR IRDe 5121
+ 10 let záruka na kompresor po registraci + 3 roky servisu po registraci","Honor Magic Earbuds 55032516, bílé",distant_nonmatch,0,0,0,0,0
https://www.alza.cz/65-chiq-u65g7u-d6740815.htm,https://www.mall.cz/krmivo-hlodavci/pochoutka-versele-laga-crock-complete-bylinky-50g-100053124870,"65"" CHiQ U65G7U",Pochoutka VERSELE-LAGA Crock Complete bylinky (50g),distant_nonmatch,0,0,0,0,0
https://www.alza.cz/dell-xps-13-9380?dq=6907914,https://www.mall.cz/stoly/greatstore-konferencni-stolek-vyrezavana-dvirka-90x55x36cm-hruby-mangovnik-100074554700,Dell XPS 13 (9305) Silver,Greatstore Konferenční stolek vyřezávaná dvířka 90x55x36cm hrubý mangovník,distant_nonmatch,0,0,0,0,0
https://www.alza.cz/philips-hue-bloom-v2-bila-d5878430.htm,https://www.mall.cz/televizory/sencor-sle-2471tcs,Philips Hue Bloom v2 Bílá,SENCOR SLE 2471TCS,distant_nonmatch,0,0,0,0,0
https://www.alza.cz/eglo-93452-venkovni-lampa-navedo-e27-60w-230v-ip44-d6398039.htm,https://www.mall.cz/televizory/sencor-sle-2471tcs,Eglo 93452 VenKovní lampa NAVEDO E27/60W/230V IP44,SENCOR SLE 2471TCS,distant_nonmatch,0,0,0,0,0
https://www.alza.cz/philips-hue-go-v2-d5762206.htm,https://www.mall.cz/televizory/sencor-sle-2471tcs,Philips Hue GO v2,SENCOR SLE 2471TCS,distant_nonmatch,0,0,0,0,0
https://www.alza.cz/jabra-evolve2-75-ms-stereo-usb-c-black-d6868075.htm,https://www.mall.cz/kvetinace/prosperplast-kvetinac-sandy-100051277373,Jabra Evolve2 75 MS Stereo USB-C Black,Prosperplast Květináč SANDY,distant_nonmatch,0,0,0,0,0
https://www.alza.cz/maxcom-mm720-d4626427.htm,https://www.mall.cz/granule-psi/wellcan-gold-puppy-mini-30-19-15kg-chicken-and-rice-kureci-maso-a-ryze-100022270229,Maxcom MM720,Wellcan Gold PUPPY MINI 30/19 15kg Chicken and Rice kuřecí maso a rýže,distant_nonmatch,0,0,0,0,0
https://www.alza.cz/koss-bt-115i-seda-d5450723.htm,https://www.mall.cz/kvetinace/prosperplast-kvetinac-sandy-100051277373,Koss BT/115i šedá,Prosperplast Květináč SANDY,distant_nonmatch,0,0,0,0,0
https://www.alza.cz/aeg-mastery-rcb646e3mb-d5864840.htm,https://www.mall.cz/true-wireless-sluchatka/honor-magic-earbuds-55032516-bile,"AEG Mastery RCB646E3MB
- 10 let záruka na motor po registraci","Honor Magic Earbuds 55032516, bílé",distant_nonmatch,0,0,0,0,0
https://www.alza.cz/aligator-a675-senior?dq=6154930,https://www.mall.cz/granule-psi/wellcan-gold-puppy-mini-30-19-15kg-chicken-and-rice-kureci-maso-a-ryze-100022270229,Aligator A675 Senior červená,Wellcan Gold PUPPY MINI 30/19 15kg Chicken and Rice kuřecí maso a rýže,distant_nonmatch,0,0,0,0,0
https://www.alza.cz/logitech-g635-d5560207.htm,https://www.mall.cz/kvetinace/prosperplast-kvetinac-sandy-100051277373,Logitech G635,Prosperplast Květináč SANDY,distant_nonmatch,0,0,0,0,0
https://www.alza.cz/hobbyrichter-czech-ts-24-b-d5031876.htm,https://www.mall.cz/vitriny-gastro/hendi-drzak-ubrousku-170x30x-h-70-mm-100068222042,Richter Czech TS.24.B,Hendi Držák ubrousků - 170x30x(H)70 mm,distant_nonmatch,0,0,0,0,0
https://www.alza.cz/maxcom-mm-428-d5790687.htm,https://www.mall.cz/granule-psi/wellcan-gold-puppy-mini-30-19-15kg-chicken-and-rice-kureci-maso-a-ryze-100022270229,Maxcom MM428,Wellcan Gold PUPPY MINI 30/19 15kg Chicken and Rice kuřecí maso a rýže,distant_nonmatch,0,0,0,0,0
https://www.alza.cz/sony-mdr-zx310-cerna-d1481418.htm,https://www.mall.cz/kvetinace/prosperplast-kvetinac-sandy-100051277373,Sony MDR-ZX310 černá,Prosperplast Květináč SANDY,distant_nonmatch,0,0,0,0,0
https://www.alza.cz/hp-elitebook-850-g5?dq=6750481,https://www.mall.cz/stoly/greatstore-konferencni-stolek-vyrezavana-dvirka-90x55x36cm-hruby-mangovnik-100074554700,"HP EliteBook 855 G8
 záruka 3 roky",Greatstore Konferenční stolek vyřezávaná dvířka 90x55x36cm hrubý mangovník,distant_nonmatch,0,0,0,0,0
https://www.alza.cz/hobbyulozna-lavice-s-poduskou-148-cm-masivni-akaciove-drevo-d6433285.htm,https://www.mall.cz/vitriny-gastro/hendi-drzak-ubrousku-170x30x-h-70-mm-100068222042,Úložná lavice s poduškou 148 cm masivní akáciové dřevo,Hendi Držák ubrousků - 170x30x(H)70 mm,distant_nonmatch,0,0,0,0,0
https://www.alza.cz/hobbyrichter-czech-rn-75l-0-ce-d5807845.htm,https://www.mall.cz/vitriny-gastro/hendi-drzak-ubrousku-170x30x-h-70-mm-100068222042,Richter Czech RN.75L.0.CE,Hendi Držák ubrousků - 170x30x(H)70 mm,distant_nonmatch,0,0,0,0,0
https://www.alza.cz/sporteastpak-padded-pakr-chilly-blue-d6101314.htm,https://www.mall.cz/trezory-sejfy/richter-schranka-na-klice-ts24b,Eastpak Padded Pak'R Chilly Blue,Richter Czech TS.24.B,distant_nonmatch,0,1,0,0,0
https://www.alza.cz/sportminecraft-mobs-batoh-gym-bag-svacinovy-box-penal-klicenka-d6361835.htm,https://www.mall.cz/trezory-sejfy/richter-schranka-na-klice-ts24b,"Minecraft - Mobs - Batoh, gym bag, svačinový box, penál, klíčenka",Richter Czech TS.24.B,distant_nonmatch,0,1,0,0,0
https://www.alza.cz/jabra-elite-45h-modre-d5842937.htm,https://www.mall.cz/kvetinace/prosperplast-kvetinac-sandy-100051277373,Jabra Elite 45h modré,Prosperplast Květináč SANDY,distant_nonmatch,0,0,0,0,0
https://www.alza.cz/philco-phta-4010-topinkovac-d6134682.htm,https://www.mall.cz/true-wireless-sluchatka/honor-magic-earbuds-55032516-bile,PHILCO PHTA 4010 TOPINKOVAČ,"Honor Magic Earbuds 55032516, bílé",distant_nonmatch,0,0,0,0,0
https://www.alza.cz/petroyal-canin-jack-russel-puppy-1-5-kg-d5715400.htm,https://www.mall.cz/damske-znackove-tasky-kabelky/yate-yate-brisi-25l-modra-100074109786?src=sug&s=Yate%20batoh,"Royal Canin Jack Russel Puppy 1,5 kg",Yate YATE Brisi 25l modrá,distant_nonmatch,0,0,0,0,0
https://www.alza.cz/hobbyvavex-tapeta-mo22821-d6634209.htm,https://www.mall.cz/vitriny-gastro/hendi-drzak-ubrousku-170x30x-h-70-mm-100068222042,VAVEX tapeta MO22821,Hendi Držák ubrousků - 170x30x(H)70 mm,distant_nonmatch,0,0,0,0,0
https://www.alza.cz/55-gogen-tvu-55l752-gweb-d6523875.htm,https://www.mall.cz/krmivo-hlodavci/pochoutka-versele-laga-crock-complete-bylinky-50g-100053124870,"55"" Gogen TVU 55L752 GWEB",Pochoutka VERSELE-LAGA Crock Complete bylinky (50g),distant_nonmatch,0,0,0,0,0
https://www.alza.cz/whirlpool-tdlr-6230ss-eu-n-d5891836.htm,https://www.mall.cz/true-wireless-sluchatka/honor-magic-earbuds-55032516-bile,"WHIRLPOOL TDLR 6230SS EU/N
+ 5 let extra záruka na motor po registraci","Honor Magic Earbuds 55032516, bílé",distant_nonmatch,0,0,0,0,0
https://www.alza.cz/remoska-d52f10-4l-dua-glass-d6743429.htm,https://www.mall.cz/true-wireless-sluchatka/honor-magic-earbuds-55032516-bile,REMOSKA D52F/10 4l Dua Glass,"Honor Magic Earbuds 55032516, bílé",distant_nonmatch,0,0,0,0,0
https://www.alza.cz/kesper-prkenko-plastove-bile-protiskluzova-guma-36x25-cm-d5856824.htm,https://www.mall.cz/true-wireless-sluchatka/honor-magic-earbuds-55032516-bile,"Kesper Prkénko plastové bílé, protiskluzová guma 36x25 cm","Honor Magic Earbuds 55032516, bílé",distant_nonmatch,0,0,0,0,0
https://www.alza.cz/32-strong-srt32hc2003-d6462279.htm,https://www.mall.cz/krmivo-hlodavci/pochoutka-versele-laga-crock-complete-bylinky-50g-100053124870,"32"" STRONG SRT32HC2003",Pochoutka VERSELE-LAGA Crock Complete bylinky (50g),distant_nonmatch,0,0,0,0,0
https://www.alza.cz/samsung-rf24r7201sr-ef-d5761027.htm,https://www.mall.cz/true-wireless-sluchatka/honor-magic-earbuds-55032516-bile,"SAMSUNG RF24R7201SR/EF
 + 10 let záruka na kompresor","Honor Magic Earbuds 55032516, bílé",distant_nonmatch,0,0,0,0,0
https://www.alza.cz/snaige-rf56sm-s5ci2f-d6393990.htm,https://www.mall.cz/true-wireless-sluchatka/honor-magic-earbuds-55032516-bile,"SNAIGE RF56SM-S5CI2F
+ 5 let záruka po registraci","Honor Magic Earbuds 55032516, bílé",distant_nonmatch,0,0,0,0,0
https://www.alza.cz/hobby10dilna-zahradni-souprava-zelene-impregnovane-borove-drevo-3068091-d6759316.htm,https://www.mall.cz/vitriny-gastro/hendi-drzak-ubrousku-170x30x-h-70-mm-100068222042,10dílná zahradní souprava zeleně impregnované borové dřevo 3068091,Hendi Držák ubrousků - 170x30x(H)70 mm,distant_nonmatch,0,0,0,0,0
https://www.alza.cz/dell-g5-15-gaming-5590?dq=6638376,https://www.mall.cz/stoly/greatstore-konferencni-stolek-vyrezavana-dvirka-90x55x36cm-hruby-mangovnik-100074554700,Dell G5 15 Gaming (5511),Greatstore Konferenční stolek vyřezávaná dvířka 90x55x36cm hrubý mangovník,distant_nonmatch,0,0,0,0,0
https://www.alza.cz/acer-aspire-5?dq=6923752,https://www.mall.cz/stoly/greatstore-konferencni-stolek-vyrezavana-dvirka-90x55x36cm-hruby-mangovnik-100074554700,Acer Aspire 5 Pure Silver kovový,Greatstore Konferenční stolek vyřezávaná dvířka 90x55x36cm hrubý mangovník,distant_nonmatch,0,0,0,0,0
https://www.alza.cz/hobbyumela-trava-1-33-x-5-m-40-mm-zelena-d6556419.htm,https://www.mall.cz/vitriny-gastro/hendi-drzak-ubrousku-170x30x-h-70-mm-100068222042,"Umělá tráva 1,33 x 5 m / 40 mm zelená",Hendi Držák ubrousků - 170x30x(H)70 mm,distant_nonmatch,0,0,0,0,0
https://www.alza.cz/acer-swift-x-steal-gray-celokovovy-d6805026.htm,https://www.mall.cz/stoly/greatstore-konferencni-stolek-vyrezavana-dvirka-90x55x36cm-hruby-mangovnik-100074554700,Acer Swift X Steal Gray celokovový,Greatstore Konferenční stolek vyřezávaná dvířka 90x55x36cm hrubý mangovník,distant_nonmatch,0,0,0,0,0
https://www.alza.cz/hobbyshumee-vyvyseny-zahon-pozinkovana-ocel-100-x-40-x-45-cm-zeleny-d6484692.htm,https://www.mall.cz/vitriny-gastro/hendi-drzak-ubrousku-170x30x-h-70-mm-100068222042,Vyvýšený záhon pozinkovaná ocel 100 x 40 x 45 cm zelený,Hendi Držák ubrousků - 170x30x(H)70 mm,distant_nonmatch,0,0,0,0,0
https://www.alza.cz/microsoft-surface-earbuds-d5843503.htm,https://www.mall.cz/kvetinace/prosperplast-kvetinac-sandy-100051277373,"Microsoft Surface Earbuds, Graphite",Prosperplast Květináč SANDY,distant_nonmatch,0,0,0,0,0
https://www.alza.cz/50-hisense-50a7100f-d5876140.htm,https://www.mall.cz/krmivo-hlodavci/pochoutka-versele-laga-crock-complete-bylinky-50g-100053124870,"50"" Hisense 50A7100F",Pochoutka VERSELE-LAGA Crock Complete bylinky (50g),distant_nonmatch,0,0,0,0,0
https://www.alza.cz/umax-visionbook-12wr-tab-d6384465.htm,https://www.mall.cz/stoly/greatstore-konferencni-stolek-vyrezavana-dvirka-90x55x36cm-hruby-mangovnik-100074554700,Umax VisionBook 12Wr Tab,Greatstore Konferenční stolek vyřezávaná dvířka 90x55x36cm hrubý mangovník,distant_nonmatch,0,0,0,0,0
https://www.alza.cz/65-lg-65up8100-d6409470.htm,https://www.mall.cz/krmivo-hlodavci/pochoutka-versele-laga-crock-complete-bylinky-50g-100053124870,"65"" LG 65UP8100",Pochoutka VERSELE-LAGA Crock Complete bylinky (50g),distant_nonmatch,0,0,0,0,0
https://www.alza.cz/denver-bte-110b-d5593511.htm,https://www.mall.cz/kvetinace/prosperplast-kvetinac-sandy-100051277373,Denver BTE-110 šedá,Prosperplast Květináč SANDY,distant_nonmatch,0,0,0,0,0
https://www.alza.cz/gorenje-nrk61daxl4-d6796425.htm,https://www.mall.cz/true-wireless-sluchatka/honor-magic-earbuds-55032516-bile,GORENJE NRK61DAXL4,"Honor Magic Earbuds 55032516, bílé",distant_nonmatch,0,0,0,0,0
https://www.alza.cz/realme-8?dq=6803568,https://www.mall.cz/granule-psi/wellcan-gold-puppy-mini-30-19-15kg-chicken-and-rice-kureci-maso-a-ryze-100022270229,Realme 8 DualSIM 8GB/128GB Punk černá,Wellcan Gold PUPPY MINI 30/19 15kg Chicken and Rice kuřecí maso a rýže,distant_nonmatch,0,0,0,0,0
https://www.alza.cz/gogen-tws-crew-p-ruzova-d6752568.htm,https://www.mall.cz/kvetinace/prosperplast-kvetinac-sandy-100051277373,Gogen TWS CREW P růžová,Prosperplast Květináč SANDY,distant_nonmatch,0,0,0,0,0
https://www.alza.cz/candy-chsbsv-5172xn-d6283931.htm,https://www.mall.cz/true-wireless-sluchatka/honor-magic-earbuds-55032516-bile,CANDY CHSBSV 5172XN,"Honor Magic Earbuds 55032516, bílé",distant_nonmatch,0,0,0,0,0
https://www.alza.cz/55-hitachi-55hk6300-d6869314.htm,https://www.mall.cz/krmivo-hlodavci/pochoutka-versele-laga-crock-complete-bylinky-50g-100053124870,"55"" HITACHI 55HK6300",Pochoutka VERSELE-LAGA Crock Complete bylinky (50g),distant_nonmatch,0,0,0,0,0
https://www.alza.cz/rabalux-levi-2569-d5003581.htm,https://www.mall.cz/televizory/sencor-sle-2471tcs,RABALUX Levi 2569,SENCOR SLE 2471TCS,distant_nonmatch,0,0,0,0,0
https://www.alza.cz/samsung-rb36t675cww-ef-d6198435.htm,https://www.mall.cz/true-wireless-sluchatka/honor-magic-earbuds-55032516-bile,"SAMSUNG RB36T675CWW/EF
 + 10 let záruka na kompresor","Honor Magic Earbuds 55032516, bílé",distant_nonmatch,0,0,0,0,0
https://www.alza.cz/hobbysenna-baby-classic-perinka-135200-cm-d5851750.htm,https://www.mall.cz/televizory/sencor-sle-2471tcs,Senna Baby CLASSIC Peřinka 135×200 cm,SENCOR SLE 2471TCS,distant_nonmatch,0,0,0,0,0
https://www.alza.cz/55-samsung-qe55qn85a-d6366911.htm,https://www.mall.cz/krmivo-hlodavci/pochoutka-versele-laga-crock-complete-bylinky-50g-100053124870,"55"" Samsung QE55QN85A",Pochoutka VERSELE-LAGA Crock Complete bylinky (50g),distant_nonmatch,0,0,0,0,0
https://www.alza.cz/hobbypostel-s-matraci-zelena-textil-160x200-cm-d6499428.htm,https://www.mall.cz/televizory/sencor-sle-2471tcs,Postel s matrací zelená textil 160x200 cm,SENCOR SLE 2471TCS,distant_nonmatch,0,0,0,0,0
https://www.alza.cz/liebherr-kbbs-4374-d6469000.htm,https://www.mall.cz/true-wireless-sluchatka/honor-magic-earbuds-55032516-bile,"LIEBHERR KBbs 4374
+ 10 let záruka na kompresor po registraci + 3 roky servisu po registraci","Honor Magic Earbuds 55032516, bílé",distant_nonmatch,0,0,0,0,0
https://www.alza.cz/65-lg-65up7700-d6409468.htm,https://www.mall.cz/krmivo-hlodavci/pochoutka-versele-laga-crock-complete-bylinky-50g-100053124870,"65"" LG 65UP7700",Pochoutka VERSELE-LAGA Crock Complete bylinky (50g),distant_nonmatch,0,0,0,0,0
https://www.alza.cz/candy-cfo-050-e-d2892134.htm,https://www.mall.cz/true-wireless-sluchatka/honor-magic-earbuds-55032516-bile,CANDY CFO 050 E,"Honor Magic Earbuds 55032516, bílé",distant_nonmatch,0,0,0,0,0
https://www.alza.cz/crystal-bohemia-misa-na-noze-samurai-290mm-d6702073.htm,https://www.mall.cz/televizory/sencor-sle-2471tcs,Crystal Bohemia mísa na noze Samurai 290mm,SENCOR SLE 2471TCS,distant_nonmatch,0,0,0,0,0
https://www.alza.cz/myphone-hammer-explorer-pro-oranzova-d6482006.htm,https://www.mall.cz/granule-psi/wellcan-gold-puppy-mini-30-19-15kg-chicken-and-rice-kureci-maso-a-ryze-100022270229,myPhone Hammer Explorer Pro oranžová,Wellcan Gold PUPPY MINI 30/19 15kg Chicken and Rice kuřecí maso a rýže,distant_nonmatch,0,0,0,0,0
https://www.alza.cz/gorenje-bm251s4xg-d6804007.htm,https://www.mall.cz/true-wireless-sluchatka/honor-magic-earbuds-55032516-bile,GORENJE BM251S4XG,"Honor Magic Earbuds 55032516, bílé",distant_nonmatch,0,0,0,0,0
https://www.alza.cz/termoska-plechovka-ner-0-7-l-motyl-d6191354.htm,https://www.mall.cz/true-wireless-sluchatka/honor-magic-earbuds-55032516-bile,"ORION Termoska-plechovka ner. 0,7 l MOTÝL","Honor Magic Earbuds 55032516, bílé",distant_nonmatch,0,0,0,0,0
https://www.alza.cz/sportdakine-network-26l-hoxton-d5779781.htm,https://www.mall.cz/trezory-sejfy/richter-schranka-na-klice-ts24b,Dakine Network 26L Hoxton,Richter Czech TS.24.B,distant_nonmatch,0,0,0,0,0
https://www.alza.cz/85-samsung-ue85au8072-d6366879.htm,https://www.mall.cz/krmivo-hlodavci/pochoutka-versele-laga-crock-complete-bylinky-50g-100053124870,"85"" Samsung UE85AU8072",Pochoutka VERSELE-LAGA Crock Complete bylinky (50g),distant_nonmatch,0,0,0,0,0
https://www.alza.cz/oneplus-9?dq=6393199,https://www.mall.cz/granule-psi/wellcan-gold-puppy-mini-30-19-15kg-chicken-and-rice-kureci-maso-a-ryze-100022270229,OnePlus 9 8GB/128GB modrá,Wellcan Gold PUPPY MINI 30/19 15kg Chicken and Rice kuřecí maso a rýže,distant_nonmatch,0,0,0,0,0
https://www.alza.cz/55-lg-55up7500-d6409458.htm,https://www.mall.cz/krmivo-hlodavci/pochoutka-versele-laga-crock-complete-bylinky-50g-100053124870,"55"" LG 55UP7500",Pochoutka VERSELE-LAGA Crock Complete bylinky (50g),distant_nonmatch,0,0,0,0,0
https://www.alza.cz/55-metz-55muc7000z-d6378709.htm,https://www.mall.cz/krmivo-hlodavci/pochoutka-versele-laga-crock-complete-bylinky-50g-100053124870,"55"" Metz 55MUC7000Z",Pochoutka VERSELE-LAGA Crock Complete bylinky (50g),distant_nonmatch,0,0,0,0,0
https://www.alza.cz/vivo-y20s?dq=6321376,https://www.mall.cz/granule-psi/wellcan-gold-puppy-mini-30-19-15kg-chicken-and-rice-kureci-maso-a-ryze-100022270229,Vivo Y20s modrá,Wellcan Gold PUPPY MINI 30/19 15kg Chicken and Rice kuřecí maso a rýže,distant_nonmatch,0,0,0,0,0
https://www.alza.cz/saloos-10-ml?dq=5606974,https://www.mall.cz/true-wireless-sluchatka/honor-magic-earbuds-55032516-bile,Saloos Litsea Cubeba 10 ml,"Honor Magic Earbuds 55032516, bílé",distant_nonmatch,0,0,0,0,0
https://www.alza.cz/55-panasonic-tx-55jz1000e-d6490282.htm,https://www.mall.cz/krmivo-hlodavci/pochoutka-versele-laga-crock-complete-bylinky-50g-100053124870,"55"" Panasonic TX-55JZ1000E",Pochoutka VERSELE-LAGA Crock Complete bylinky (50g),distant_nonmatch,0,0,0,0,0
https://www.alza.cz/aligator-r40-extremo?dq=6198980,https://www.mall.cz/granule-psi/wellcan-gold-puppy-mini-30-19-15kg-chicken-and-rice-kureci-maso-a-ryze-100022270229,Aligator R40 eXtremo žlutý,Wellcan Gold PUPPY MINI 30/19 15kg Chicken and Rice kuřecí maso a rýže,distant_nonmatch,0,0,0,0,0
https://www.alza.cz/65-sony-bravia-xr-65a90j-d6364486.htm,https://www.mall.cz/krmivo-hlodavci/pochoutka-versele-laga-crock-complete-bylinky-50g-100053124870,"65"" Sony Bravia OLED XR-65A90J",Pochoutka VERSELE-LAGA Crock Complete bylinky (50g),distant_nonmatch,0,0,0,0,0
https://www.alza.cz/defunc-true-go-slim-pink-d6519485.htm,https://www.mall.cz/kvetinace/prosperplast-kvetinac-sandy-100051277373,DeFunc TRUE GO Slim Pink,Prosperplast Květináč SANDY,distant_nonmatch,0,0,0,0,0
https://www.alza.cz/kluge-koi4020blg-d6270900.htm,https://www.mall.cz/true-wireless-sluchatka/honor-magic-earbuds-55032516-bile,"KLUGE KOI4020BLG
- 4 roky záruka po registraci","Honor Magic Earbuds 55032516, bílé",distant_nonmatch,0,0,0,0,0
https://www.alza.cz/hobby5dilny-zahradni-jidelni-set-hnedy-3067727-d6678750.htm,https://www.mall.cz/vitriny-gastro/hendi-drzak-ubrousku-170x30x-h-70-mm-100068222042,5dílný zahradní jídelní set hnědý 3067727,Hendi Držák ubrousků - 170x30x(H)70 mm,distant_nonmatch,0,0,0,0,0
https://www.alza.cz/hobbystanley-zamecnicke-kladivo-din1041-200g-d4382641.htm,https://www.mall.cz/vitriny-gastro/hendi-drzak-ubrousku-170x30x-h-70-mm-100068222042,Stanley Zámečnické kladivo DIN1041 200g,Hendi Držák ubrousků - 170x30x(H)70 mm,distant_nonmatch,0,0,0,0,0
https://www.alza.cz/kava-praha-lavazza-qualita-rossa-1000g-zrnkova-d2898745.htm,https://www.mall.cz/true-wireless-sluchatka/honor-magic-earbuds-55032516-bile,"Lavazza Qualita Rossa, zrnková, 1000g","Honor Magic Earbuds 55032516, bílé",distant_nonmatch,0,0,0,0,0
https://www.alza.cz/petroyal-canin-medium-puppy-15-kg-d5637269.htm,https://www.mall.cz/damske-znackove-tasky-kabelky/yate-yate-brisi-25l-modra-100074109786?src=sug&s=Yate%20batoh,Royal Canin Medium Puppy 15 kg,Yate YATE Brisi 25l modrá,distant_nonmatch,0,0,0,0,0
https://www.alza.cz/miele-kfn29162d-ws-d6345116.htm,https://www.mall.cz/true-wireless-sluchatka/honor-magic-earbuds-55032516-bile,MIELE KFN 29162 D ws Series 120,"Honor Magic Earbuds 55032516, bílé",distant_nonmatch,0,0,0,0,0
https://www.alza.cz/75-lg-75nano96p-d6409482.htm,https://www.mall.cz/krmivo-hlodavci/pochoutka-versele-laga-crock-complete-bylinky-50g-100053124870,"75"" LG 75NANO96P",Pochoutka VERSELE-LAGA Crock Complete bylinky (50g),distant_nonmatch,0,0,0,0,0
https://www.alza.cz/77-sony-bravia-xr-77a83j-d6364490.htm,https://www.mall.cz/krmivo-hlodavci/pochoutka-versele-laga-crock-complete-bylinky-50g-100053124870,"77"" Sony Bravia OLED XR-77A83J",Pochoutka VERSELE-LAGA Crock Complete bylinky (50g),distant_nonmatch,0,0,0,0,0
https://www.alza.cz/75-samsung-qe75q60a-d6366882.htm,https://www.mall.cz/krmivo-hlodavci/pochoutka-versele-laga-crock-complete-bylinky-50g-100053124870,"75"" Samsung QE75Q60A",Pochoutka VERSELE-LAGA Crock Complete bylinky (50g),distant_nonmatch,0,0,0,0,0
https://www.alza.cz/concept-sr3300-d6870370.htm,https://www.mall.cz/true-wireless-sluchatka/honor-magic-earbuds-55032516-bile,CONCEPT SR3300,"Honor Magic Earbuds 55032516, bílé",distant_nonmatch,0,0,0,0,0
